root: MetaQA | candidates: 240 questions | kb: 16,427 movies

Corpus
  must-have (evidence movies) : 620
  hard distractors            : 190  (pool 6,267: share director/writer/actor with an evidence movie)
  random distractors          : 190  (pool 8,214)
  total documents             : 1,000  (--total-docs 1000)

Estimates (upper bound: every doc reaches --max-chars 6,000)
  chars per chunk             : 1,024  (256 tokens x ~4 chars/token)
  chunks per doc              : 6  ->  total chunks 6,000
  Phase 2 extraction calls    : ~6,000  (SimpleLLMPathExtractor: 1 call/chunk, max_paths_per_chunk=12)
  fetch requests (worst case) : 4,000  (up to 4 title lookups per doc)
  wall clock at <=1 req/s     : ~67 min worst case, ~17 min if every title resolves on the first rule

Fetching 1,000 documents ...
[   1/1000] OK         must-have +1 -> +1 (film) (5,435 chars, <title> (film))
[   2/1000] OK         must-have 10 Questions for the Dalai Lama -> 10 Questions for the Dalai Lama (537 chars, <title>)
[   3/1000] OK         must-have 13 Sins -> 13 Sins (5,190 chars, <title>)
[   4/1000] OK         must-have 3 Ninjas -> 3 Ninjas (film) (5,885 chars, <title> (film))
[   5/1000] OK         must-have 54 -> 54 (film) (1,835 chars, <title> (film))
[   6/1000] OK         must-have A Bug's Life -> A Bug's Life (1998 film) (5,871 chars, <title> (<year> film))
[   7/1000] OK         must-have A Gathering of Eagles -> A Gathering of Eagles (4,115 chars, <title>)
[   8/1000] OK         must-have A Hard Day's Night -> A Hard Day's Night (film) (5,602 chars, <title> (film))
[   9/1000] OK         must-have A Hatful of Rain -> A Hatful of Rain (5,046 chars, <title>)
[  10/1000] OK         must-have A Night in Casablanca -> A Night in Casablanca (2,942 chars, <title>)
[  11/1000] OK         must-have A Perfect Getaway -> A Perfect Getaway (film) (4,945 chars, <title> (film))
[  12/1000] OK         must-have A Pigeon Sat on a Branch Reflecting on Existence -> A Pigeon Sat on a Branch Reflecting on Existence (2,142 chars, <title>)
[  13/1000] OK         must-have A Slipping-Down Life -> A Slipping-Down Life (1,256 chars, <title>)
[  14/1000] OK         must-have A Sound of Thunder -> A Sound of Thunder (film) (5,679 chars, <title> (film))
[  15/1000] OK         must-have A Sunday in the Country -> A Sunday in the Country (2,607 chars, <title>)
[  16/1000] OK         must-have A Swedish Love Story -> A Swedish Love Story (1,667 chars, <title>)
[  17/1000] OK         must-have A Very Potter Musical -> A Very Potter Musical (2,558 chars, <title>)
[  18/1000] OK         must-have A Very Potter Sequel -> A Very Potter Sequel (1,368 chars, <title>)
[  19/1000] OK         must-have A Woman of Affairs -> A Woman of Affairs (4,584 chars, <title>)
[  20/1000] OK         must-have Adventures of Don Juan -> Adventures of Don Juan (3,709 chars, <title>)
[  21/1000] OK         must-have Adão e Eva -> Adão e Eva (331 chars, <title>)
[  22/1000] OK         must-have Against All Odds -> Against All Odds (1984 film) (5,497 chars, <title> (<year> film))
[  23/1000] OK         must-have Alice Upside Down -> Alice Upside Down (3,929 chars, <title>)
[  24/1000] OK         must-have All Things Fair -> All Things Fair (5,301 chars, <title>)
[  25/1000] OK         must-have All for the Winner -> All for the Winner (1,958 chars, <title>)
[  26/1000] OK         must-have Amsterdamned -> Amsterdamned (3,385 chars, <title>)
[  27/1000] OK         must-have An Officer and a Gentleman -> An Officer and a Gentleman (5,452 chars, <title>)
[  28/1000] OK         must-have Anatomy -> Anatomy (film) (4,335 chars, <title> (film))
[  29/1000] OK         must-have Anatomy of a Murder -> Anatomy of a Murder (5,659 chars, <title>)
[  30/1000] OK         must-have Andre -> Andre (film) (5,826 chars, <title> (film))
[  31/1000] OK         must-have Angel and the Badman -> Angel and the Badman (5,846 chars, <title>)
[  32/1000] OK         must-have Angel on My Shoulder -> Angel on My Shoulder (film) (3,110 chars, <title> (film))
[  33/1000] OK         must-have Anne of the Thousand Days -> Anne of the Thousand Days (5,582 chars, <title>)
[  34/1000] OK         must-have Another Earth -> Another Earth (3,554 chars, <title>)
[  35/1000] OK         must-have Another Man's Poison -> Another Man's Poison (4,255 chars, <title>)
[  36/1000] OK         must-have Arbitrage -> Arbitrage (film) (5,243 chars, <title> (film))
[  37/1000] OK         must-have Are You Listening? -> Are You Listening? (film) (3,952 chars, <title> (film))
[  38/1000] OK         must-have Around the World in 80 Days -> Around the World in 80 Days (2004 film) (5,913 chars, <title> (<year> film))
[  39/1000] OK         must-have Atomised -> Atomised (film) (4,267 chars, <title> (film))
[  40/1000] OK         must-have Attack of the Giant Leeches -> Attack of the Giant Leeches (3,094 chars, <title>)
[  41/1000] OK         must-have Austin Powers in Goldmember -> Austin Powers in Goldmember (5,230 chars, <title>)
[  42/1000] OK         must-have Ax 'Em -> Ax 'Em (5,677 chars, <title>)
[  43/1000] OK         must-have Babylon A.D. -> Babylon A.D. (film) (5,457 chars, <title> (film))
[  44/1000] OK         must-have Bad Boy Bubby -> Bad Boy Bubby (5,203 chars, <title>)
[  45/1000] OK         must-have Bad Dreams -> Bad Dreams (1988 film) (5,862 chars, <title> (<year> film))
[  46/1000] OK         must-have Barnyard -> Barnyard (2006 film) (4,242 chars, <title> (<year> film))
[  47/1000] OK         must-have Be Kind Rewind -> Be Kind Rewind (5,901 chars, <title>)
[  48/1000] OK         must-have Belles on Their Toes -> Belles on Their Toes (film) (4,084 chars, <title> (film))
[  49/1000] OK         must-have Below -> Below (film) (5,584 chars, <title> (film))
[  50/1000] OK         must-have Bereavement -> Bereavement (film) (5,600 chars, <title> (film))
[  51/1000] OK         must-have Beware of a Holy Whore -> Beware of a Holy Whore (3,337 chars, <title>)
[  52/1000] OK         must-have Beyond Tomorrow -> Beyond Tomorrow (1940 film) (5,550 chars, <title> (<year> film))
[  53/1000] OK         must-have Billu -> Billu (4,655 chars, <title>)
[  54/1000] OK         must-have Black Dawn -> Black Dawn (2005 film) (1,361 chars, <title> (<year> film))
[  55/1000] OK         must-have Black River -> Black River (1957 film) (1,359 chars, <title> (<year> film))
[  56/1000] OK         must-have Black Water -> Black Water (2007 film) (4,030 chars, <title> (<year> film))
[  57/1000] OK         must-have Blissfully Yours -> Blissfully Yours (3,849 chars, <title>)
[  58/1000] OK         must-have Blood River -> Blood River (2009 film) (4,305 chars, <title> (<year> film))
[  59/1000] OK         must-have Blue Juice -> Blue Juice (5,183 chars, <title>)
[  60/1000] OK         must-have Blue in the Face -> Blue in the Face (2,070 chars, <title>)
[  61/1000] OK         must-have Body Double -> Body Double (film) (5,473 chars, <title> (film))
[  62/1000] OK         must-have Bomb the System -> Bomb the System (1,535 chars, <title>)
[  63/1000] OK         must-have Boogie -> Boogie (2009 film) (2,787 chars, <title> (<year> film))
[  64/1000] OK         must-have Breaking and Entering -> Breaking and Entering (film) (4,276 chars, <title> (film))
[  65/1000] OK         must-have Broom-Stick Bunny -> Broom-Stick Bunny (2,001 chars, <title>)
[  66/1000] OK         must-have Brown of Harvard -> Brown of Harvard (1926 film) (3,505 chars, <title> (<year> film))
[  67/1000] OK         must-have Buffalo '66 -> Buffalo '66 (5,230 chars, <title>)
[  68/1000] OK         must-have Bunny and the Bull -> Bunny and the Bull (3,347 chars, <title>)
[  69/1000] OK         must-have Burlesque -> Burlesque (2010 American film) (5,895 chars, search)
[  70/1000] OK         must-have Cabin in the Sky -> Cabin in the Sky (film) (3,883 chars, <title> (film))
[  71/1000] OK         must-have Caged Heat -> Caged Heat (5,026 chars, <title>)
[  72/1000] OK         must-have Calendar Girls -> Calendar Girls (2003 film) (5,142 chars, <title> (<year> film))
[  73/1000] OK         must-have California Solo -> California Solo (1,065 chars, <title>)
[  74/1000] OK         must-have Call Me Madam -> Call Me Madam (film) (3,563 chars, <title> (film))
[  75/1000] OK         must-have Calling Dr. Death -> Calling Dr. Death (5,111 chars, <title>)
[  76/1000] OK         must-have Captain Newman, M.D. -> Captain Newman, M.D. (5,669 chars, <title>)
[  77/1000] OK         must-have Changeling -> Changeling (2008 film) (5,179 chars, <title> (<year> film))
[  78/1000] OK         must-have Charlie's Country -> Charlie's Country (2,035 chars, <title>)
[  79/1000] OK         must-have Chef -> Chef (2014 film) (5,507 chars, <title> (<year> film))
[  80/1000] OK         must-have Children of the Night -> Children of the Night (1991 film) (1,861 chars, <title> (<year> film))
[  81/1000] OK         must-have Choking Man -> Choking Man (368 chars, <title>)
[  82/1000] OK         must-have Chronicle of an Escape -> Chronicle of an Escape (film) (4,043 chars, <title> (film))
[  83/1000] OK         must-have City of Joy -> City of Joy (1992 film) (2,921 chars, <title> (<year> film))
[  84/1000] OK         must-have Clash by Night -> Clash by Night (2,766 chars, <title>)
[  85/1000] OK         must-have Cloverfield -> Cloverfield (2008 film) (5,595 chars, <title> (<year> film))
[  86/1000] OK         must-have Cold Mountain -> Cold Mountain (film) (5,701 chars, <title> (film))
[  87/1000] OK         must-have Coma -> Coma (1978 film) (5,431 chars, <title> (<year> film))
[  88/1000] OK         must-have Condorman -> Condorman (4,568 chars, <title>)
[  89/1000] OK         must-have Confessions of a Window Cleaner -> Confessions of a Window Cleaner (4,896 chars, <title>)
[  90/1000] OK         must-have Confetti -> Confetti (2006 film) (5,356 chars, <title> (<year> film))
[  91/1000] OK         must-have Conviction -> Conviction (2010 film) (4,623 chars, <title> (<year> film))
[  92/1000] OK         must-have Corrina, Corrina -> Corrina, Corrina (film) (4,739 chars, <title> (film))
[  93/1000] OK         must-have Courageous -> Courageous (2011 film) (5,705 chars, <title> (<year> film))
[  94/1000] OK         must-have Cradle 2 the Grave -> Cradle 2 the Grave (5,544 chars, <title>)
[  95/1000] OK         must-have Creature with the Atom Brain -> Creature with the Atom Brain (1955 film) (2,662 chars, <title> (<year> film))
[  96/1000] OK         must-have Crossover -> Crossover (2006 film) (5,473 chars, <title> (<year> film))
[  97/1000] OK         must-have Daddy Long Legs -> Daddy Long Legs (1955 film) (2,159 chars, <title> (<year> film))
[  98/1000] OK         must-have Daddy-Long-Legs -> Daddy-Long-Legs (1919 film) (2,505 chars, <title> (<year> film))
[  99/1000] OK         must-have Das Millionenspiel -> Das Millionenspiel (2,919 chars, <title>)
[ 100/1000] OK         must-have Death Watch -> Death Watch (3,652 chars, <title>)
[ 101/1000] OK         must-have Defendor -> Defendor (film) (5,387 chars, <title> (film))
[ 102/1000] OK         must-have Delhi Belly -> Delhi Belly (2011 film) (5,749 chars, <title> (<year> film))
[ 103/1000] OK         must-have Desi Boyz -> Desi Boyz (5,054 chars, <title>)
[ 104/1000] OK         must-have Desk Set -> Desk Set (film) (3,386 chars, <title> (film))
[ 105/1000] OK         must-have Dhoom -> Dhoom (2004 film) (3,923 chars, <title> (<year> film))
[ 106/1000] OK         must-have Diary of a Madman -> Diary of a Madman (film) (3,391 chars, <title> (film))
[ 107/1000] OK         must-have Dick -> Dick (1999 film) (5,735 chars, <title> (<year> film))
[ 108/1000] OK         must-have Did You Hear About the Morgans? -> Did You Hear About the Morgans? (4,839 chars, <title>)
[ 109/1000] OK         must-have Different for Girls -> Different for Girls (film) (3,225 chars, <title> (film))
[ 110/1000] OK         must-have Dingo -> Dingo (film) (699 chars, <title> (film))
[ 111/1000] OK         must-have Distant Voices, Still Lives -> Distant Voices, Still Lives (2,096 chars, <title>)
[ 112/1000] OK         must-have Don 2 -> Don 2 (5,245 chars, <title>)
[ 113/1000] OK         must-have Doom -> Doom (2005 film) (5,626 chars, <title> (<year> film))
[ 114/1000] OK         must-have Double Dynamite -> Double Dynamite (3,928 chars, <title>)
[ 115/1000] OK         must-have Double Happiness -> Double Happiness (film) (5,729 chars, <title> (film))
[ 116/1000] OK         must-have Dr. Goldfoot and the Girl Bombs -> Dr. Goldfoot and the Girl Bombs (3,152 chars, <title>)
[ 117/1000] OK         must-have Dragons Forever -> Dragons Forever (3,338 chars, <title>)
[ 118/1000] OK         must-have Drones -> Drones (2010 film) (573 chars, <title> (<year> film))
[ 119/1000] OK         must-have Drug War -> Drug War (film) (4,417 chars, <title> (film))
[ 120/1000] OK         must-have Duel at Diablo -> Duel at Diablo (4,332 chars, <title>)
[ 121/1000] OK         must-have Early Spring -> Early Spring (1956 film) (2,712 chars, <title> (<year> film))
[ 122/1000] OK         must-have East Is East -> East Is East (1999 film) (4,783 chars, <title> (<year> film))
[ 123/1000] OK         must-have Easy A -> Easy A (film) (5,541 chars, <title> (film))
[ 124/1000] OK         must-have Eat a Bowl of Tea -> Eat a Bowl of Tea (film) (2,169 chars, <title> (film))
[ 125/1000] OK         must-have El Topo -> El Topo (1970 film) (5,246 chars, <title> (<year> film))
[ 126/1000] OK         must-have Elf -> Elf (2003 film) (5,488 chars, <title> (<year> film))
[ 127/1000] OK         must-have Emmett's Mark -> Emmett's Mark (2,194 chars, <title>)
[ 128/1000] OK         must-have Eternal Sunshine of the Spotless Mind -> Eternal Sunshine of the Spotless Mind (film) (5,840 chars, <title> (film))
[ 129/1000] OK         must-have Exit Wounds -> Exit Wounds (5,864 chars, <title>)
[ 130/1000] OK         must-have Exorcismus -> Exorcismus (952 chars, <title>)
[ 131/1000] OK         must-have Eye of God -> Eye of God (film) (2,148 chars, <title> (film))
[ 132/1000] OK         must-have Eyes of Laura Mars -> Eyes of Laura Mars (5,845 chars, <title>)
[ 133/1000] OK         must-have F/X2 -> F/X2 (5,447 chars, <title>)
[ 134/1000] OK         must-have FM -> FM (film) (3,358 chars, <title> (film))
[ 135/1000] OK         must-have Facing the Giants -> Facing the Giants (5,401 chars, <title>)
[ 136/1000] OK         must-have Fahrenheit 451 -> Fahrenheit 451 (1966 film) (5,631 chars, <title> (<year> film))
[ 137/1000] OK         must-have Faithful -> Faithful (1996 film) (1,415 chars, <title> (<year> film))
[ 138/1000] OK         must-have Fantastic Planet -> Fantastic Planet (4,250 chars, <title>)
[ 139/1000] OK         must-have Fargo -> Fargo (1996 film) (5,456 chars, <title> (<year> film))
[ 140/1000] OK         must-have Fast Life -> Fast Life (1932 film) (1,059 chars, <title> (<year> film))
[ 141/1000] OK         must-have Feast -> Feast (2005 film) (5,467 chars, <title> (<year> film))
[ 142/1000] OK         must-have Felidae -> Felidae (film) (5,974 chars, <title> (film))
[ 143/1000] OK         must-have Firecreek -> Firecreek (3,507 chars, <title>)
[ 144/1000] OK         must-have Fireproof -> Fireproof (2008 film) (5,489 chars, <title> (<year> film))
[ 145/1000] OK         must-have Fist of Legend -> Fist of Legend (1,635 chars, <title>)
[ 146/1000] OK         must-have Fists in the Pocket -> Fists in the Pocket (3,053 chars, <title>)
[ 147/1000] OK         must-have Flight of Fury -> Flight of Fury (4,048 chars, <title>)
[ 148/1000] OK         must-have Flywheel -> Flywheel (film) (4,279 chars, <title> (film))
[ 149/1000] OK         must-have Foodfight! -> Foodfight! (5,842 chars, <title>)
[ 150/1000] OK         must-have Formosa Betrayed -> Formosa Betrayed (film) (1,566 chars, <title> (film))
[ 151/1000] OK         must-have Four Friends -> Four Friends (1981 film) (4,449 chars, <title> (<year> film))
[ 152/1000] OK         must-have Freejack -> Freejack (film) (4,835 chars, <title> (film))
[ 153/1000] OK         must-have Freezer -> Freezer (film) (5,267 chars, <title> (film))
[ 154/1000] OK         must-have Full Frontal -> Full Frontal (film) (5,976 chars, <title> (film))
[ 155/1000] OK         must-have Fuzz -> Fuzz (film) (4,330 chars, <title> (film))
[ 156/1000] OK         must-have Gallipoli -> Gallipoli (1981 film) (4,884 chars, <title> (<year> film))
[ 157/1000] OK         must-have Games of Love and Chance -> Games of Love and Chance (1,335 chars, <title>)
[ 158/1000] UNVERIFIED must-have Gandahar (List of French films of 1988: no linked KB person mentioned)
[ 159/1000] OK         must-have Get Out Your Handkerchiefs -> Get Out Your Handkerchiefs (2,764 chars, <title>)
[ 160/1000] OK         must-have Giliap -> Giliap (3,737 chars, <title>)
[ 161/1000] OK         must-have Girl with Green Eyes -> Girl with Green Eyes (4,150 chars, <title>)
[ 162/1000] OK         must-have Good Morning, Night -> Good Morning, Night (1,291 chars, <title>)
[ 163/1000] OK         must-have Gothika -> Gothika (4,957 chars, <title>)
[ 164/1000] OK         must-have Gracie's Choice -> Gracie's Choice (3,080 chars, <title>)
[ 165/1000] OK         must-have Green for Danger -> Green for Danger (film) (5,685 chars, <title> (film))
[ 166/1000] OK         must-have Grown Ups -> Grown Ups (2010 film) (5,852 chars, <title> (<year> film))
[ 167/1000] OK         must-have Grown Ups 2 -> Grown Ups 2 (5,968 chars, <title>)
[ 168/1000] OK         must-have Hadewijch -> Hadewijch (film) (1,801 chars, <title> (film))
[ 169/1000] OK         must-have Half Baked -> Half Baked (film) (3,671 chars, <title> (film))
[ 170/1000] OK         must-have Hamlet 2 -> Hamlet 2 (4,172 chars, <title>)
[ 171/1000] OK         must-have Happy Christmas -> Happy Christmas (film) (1,459 chars, <title> (film))
[ 172/1000] OK         must-have Harakiri -> Harakiri (1962 film) (5,695 chars, <title> (<year> film))
[ 173/1000] OK         must-have Hard Rain -> Hard Rain (film) (4,581 chars, <title> (film))
[ 174/1000] OK         must-have He Knows You're Alone -> He Knows You're Alone (5,800 chars, <title>)
[ 175/1000] OK         must-have Hello Again -> Hello Again (1987 film) (3,270 chars, <title> (<year> film))
[ 176/1000] OK         must-have Help! -> Help! (film) (5,066 chars, <title> (film))
[ 177/1000] OK         must-have Here Comes the Boom -> Here Comes the Boom (5,148 chars, <title>)
[ 178/1000] OK         must-have Hereafter -> Hereafter (film) (5,798 chars, <title> (film))
[ 179/1000] OK         must-have Hiding Out -> Hiding Out (4,277 chars, <title>)
[ 180/1000] OK         must-have High Heels and Low Lifes -> High Heels and Low Lifes (2,470 chars, <title>)
[ 181/1000] OK         must-have High Tension -> High Tension (4,872 chars, <title>)
[ 182/1000] OK         must-have High Time -> High Time (1960 film) (5,222 chars, <title> (<year> film))
[ 183/1000] OK         must-have Highway -> Highway (2014 Hindi film) (5,313 chars, search)
[ 184/1000] OK         must-have Hitch -> Hitch (film) (4,180 chars, <title> (film))
[ 185/1000] OK         must-have Hobo with a Shotgun -> Hobo with a Shotgun (film) (5,636 chars, <title> (film))
[ 186/1000] OK         must-have Hoffman -> Hoffman (film) (2,007 chars, <title> (film))
[ 187/1000] OK         must-have Hotel Transylvania -> Hotel Transylvania (2012 film) (5,463 chars, <title> (<year> film))
[ 188/1000] OK         must-have Housefull 2 -> Housefull 2 (2012 film) (5,623 chars, <title> (<year> film))
[ 189/1000] OK         must-have How Stella Got Her Groove Back -> How Stella Got Her Groove Back (3,855 chars, <title>)
[ 190/1000] OK         must-have How to Train Your Dragon -> How to Train Your Dragon (2010 film) (5,420 chars, <title> (<year> film))
[ 191/1000] OK         must-have Hum Tum -> Hum Tum (2004 film) (5,850 chars, <title> (<year> film))
[ 192/1000] OK         must-have I Accuse! -> I Accuse! (2,754 chars, <title>)
[ 193/1000] OK         must-have In Harm's Way -> In Harm's Way (film) (5,797 chars, <title> (film))
[ 194/1000] OK         must-have In Her Shoes -> In Her Shoes (2005 film) (5,744 chars, <title> (<year> film))
[ 195/1000] OK         must-have In Secret -> In Secret (film) (2,487 chars, <title> (film))
[ 196/1000] OK         must-have In the Bedroom -> In the Bedroom (5,295 chars, <title>)
[ 197/1000] OK         must-have In the Electric Mist -> In the Electric Mist (5,744 chars, <title>)
[ 198/1000] OK         must-have Incubus -> Incubus (1966 film) (3,961 chars, <title> (<year> film))
[ 199/1000] OK         must-have Indiscreet -> Indiscreet (1958 film) (5,040 chars, <title> (<year> film))
[ 200/1000] OK         must-have Iris -> Iris (2001 film) (2,621 chars, <title> (<year> film))
[ 201/1000] OK         must-have Iron Man -> Iron Man (2008 film) (5,604 chars, <title> (<year> film))
[ 202/1000] OK         must-have Iron Man 2 -> Iron Man 2 (film) (5,823 chars, <title> (film))
[ 203/1000] OK         must-have Iron Man 3 -> Iron Man 3 (film) (5,452 chars, <title> (film))
[ 204/1000] OK         must-have Is the Man Who Is Tall Happy? -> Is the Man Who Is Tall Happy? (454 chars, <title>)
[ 205/1000] OK         must-have Islands in the Stream -> Islands in the Stream (1977 film) (3,472 chars, <title> (<year> film))
[ 206/1000] OK         must-have It All Starts Today -> It All Starts Today (1,059 chars, <title>)
[ 207/1000] OK         must-have It Came from Outer Space -> It Came from Outer Space (4,586 chars, <title>)
[ 208/1000] OK         must-have It! The Terror from Beyond Space -> It! The Terror from Beyond Space (3,347 chars, <title>)
[ 209/1000] OK         must-have It's Pat -> It's Pat (film) (3,707 chars, <title> (film))
[ 210/1000] OK         must-have It's a Disaster -> It's a Disaster (5,385 chars, <title>)
[ 211/1000] OK         must-have Jab We Met -> Jab We Met (5,842 chars, <title>)
[ 212/1000] OK         must-have Jalla! Jalla! -> Jalla! Jalla! (1,309 chars, <title>)
[ 213/1000] OK         must-have Jessabelle -> Jessabelle (5,860 chars, <title>)
[ 214/1000] OK         must-have Johnny Angel -> Johnny Angel (film) (1,258 chars, <title> (film))
[ 215/1000] OK         must-have Just Buried -> Just Buried (3,185 chars, <title>)
[ 216/1000] OK         must-have Just a Gigolo -> Just a Gigolo (1931 film) (1,570 chars, <title> (<year> film))
[ 217/1000] OK         must-have K-PAX -> K-PAX (film) (5,041 chars, <title> (film))
[ 218/1000] OK         must-have Kabluey -> Kabluey (3,756 chars, <title>)
[ 219/1000] OK         must-have Kabul Express -> Kabul Express (2006 film) (4,022 chars, <title> (<year> film))
[ 220/1000] OK         must-have Kamchatka -> Kamchatka (film) (2,418 chars, <title> (film))
[ 221/1000] OK         must-have Kickboxer -> Kickboxer (1989 film) (4,164 chars, <title> (<year> film))
[ 222/1000] OK         must-have King of Beggars -> King of Beggars (1,420 chars, <title>)
[ 223/1000] OK         must-have Kiss Kiss Bang Bang -> Kiss Kiss Bang Bang (film) (5,461 chars, <title> (film))
[ 224/1000] OK         must-have Kopps -> Kopps (1,558 chars, <title>)
[ 225/1000] OK         must-have Kwaidan -> Kwaidan (film) (2,810 chars, <title> (film))
[ 226/1000] OK         must-have L'Atalante -> L'Atalante (1934 film) (4,631 chars, <title> (<year> film))
[ 227/1000] OK         must-have La Bamba -> La Bamba (1987 film) (5,577 chars, <title> (<year> film))
[ 228/1000] OK         must-have La Haine -> La Haine (5,727 chars, <title>)
[ 229/1000] OK         must-have Labor Day -> Labor Day (film) (5,948 chars, <title> (film))
[ 230/1000] OK         must-have Lady in Cement -> Lady in Cement (2,507 chars, <title>)
[ 231/1000] OK         must-have Last Summer -> Last Summer (1969 film) (3,313 chars, <title> (<year> film))
[ 232/1000] OK         must-have Last Train from Gun Hill -> Last Train from Gun Hill (3,747 chars, <title>)
[ 233/1000] OK         must-have Late Autumn -> Late Autumn (1960 film) (3,330 chars, <title> (<year> film))
[ 234/1000] OK         must-have Late Spring -> Late Spring (5,469 chars, <title>)
[ 235/1000] OK         must-have Lathe of Heaven -> Lathe of Heaven (film) (773 chars, <title> (film))
[ 236/1000] OK         must-have Latter Days -> Latter Days (film) (5,259 chars, <title> (film))
[ 237/1000] OK         must-have Le Million -> Le Million (5,014 chars, <title>)
[ 238/1000] OK         must-have Leaves of Grass -> Leaves of Grass (film) (4,269 chars, <title> (film))
[ 239/1000] OK         must-have Leprechaun -> Leprechaun (film) (4,970 chars, <title> (film))
[ 240/1000] OK         must-have Let's Go to Prison -> Let's Go to Prison (5,407 chars, <title>)
[ 241/1000] OK         must-have Life and Nothing But -> Life and Nothing But (785 chars, <title>)
[ 242/1000] OK         must-have Lili Marleen -> Lili Marleen (film) (2,471 chars, <title> (film))
[ 243/1000] OK         must-have Link -> Link (film) (2,113 chars, <title> (film))
[ 244/1000] OK         must-have Lions for Lambs -> Lions for Lambs (2007 film) (4,486 chars, <title> (<year> film))
[ 245/1000] OK         must-have Little Children -> Little Children (film) (5,508 chars, <title> (film))
[ 246/1000] OK         must-have Little Manhattan -> Little Manhattan (2005 film) (5,021 chars, <title> (<year> film))
[ 247/1000] OK         must-have Little Sister -> Little Sister (1992 film) (4,568 chars, <title> (<year> film))
[ 248/1000] OK         must-have Losing Isaiah -> Losing Isaiah (film) (3,518 chars, <title> (film))
[ 249/1000] OK         must-have Love Walked In -> Love Walked In (1997 film) (2,467 chars, <title> (<year> film))
[ 250/1000] OK         must-have Love and Bullets -> Love and Bullets (1979 film) (2,341 chars, <title> (<year> film))
[ 251/1000] OK         must-have Lulu on the Bridge -> Lulu on the Bridge (5,454 chars, <title>)
[ 252/1000] OK         must-have Made -> Made (2001 film) (3,915 chars, <title> (<year> film))
[ 253/1000] OK         must-have Madeleine -> Madeleine (1950 film) (4,233 chars, <title> (<year> film))
[ 254/1000] OK         must-have Man Bites Dog -> Man Bites Dog (film) (5,125 chars, <title> (film))
[ 255/1000] OK         must-have Man with the Screaming Brain -> Man with the Screaming Brain (4,669 chars, <title>)
[ 256/1000] OK         must-have Map of the Human Heart -> Map of the Human Heart (3,967 chars, <title>)
[ 257/1000] OK         must-have Mask -> Mask (1985 film) (5,938 chars, <title> (<year> film))
[ 258/1000] OK         must-have Maverick -> Maverick (1994 film) (5,895 chars, <title> (<year> film))
[ 259/1000] OK         must-have Melvin Goes to Dinner -> Melvin Goes to Dinner (2,206 chars, <title>)
[ 260/1000] OK         must-have Mermaids -> Mermaids (1990 film) (5,909 chars, <title> (<year> film))
[ 261/1000] OK         must-have Merrily We Live -> Merrily We Live (5,506 chars, <title>)
[ 262/1000] OK         must-have Millennium -> Millennium (1989 film) (4,496 chars, <title> (<year> film))
[ 263/1000] OK         must-have Mindwalk -> Mindwalk (1,901 chars, <title>)
[ 264/1000] OK         must-have Mirrors 2 -> Mirrors 2 (5,290 chars, <title>)
[ 265/1000] OK         must-have Mister Buddwing -> Mister Buddwing (4,862 chars, <title>)
[ 266/1000] OK         must-have Moby Dick -> Moby Dick (1956 film) (5,544 chars, <title> (<year> film))
[ 267/1000] OK         must-have Modesty Blaise -> Modesty Blaise (1966 film) (5,767 chars, <title> (<year> film))
[ 268/1000] OK         must-have Mood Indigo -> Mood Indigo (film) (3,255 chars, <title> (film))
[ 269/1000] OK         must-have Moon -> Moon (2009 film) (5,383 chars, <title> (<year> film))
[ 270/1000] OK         must-have Moonstruck -> Moonstruck (film) (4,596 chars, <title> (film))
[ 271/1000] OK         must-have Morgan Stewart's Coming Home -> Morgan Stewart's Coming Home (4,588 chars, <title>)
[ 272/1000] OK         must-have Morvern Callar -> Morvern Callar (film) (3,631 chars, <title> (film))
[ 273/1000] OK         must-have Movie 43 -> Movie 43 (5,738 chars, <title>)
[ 274/1000] OK         must-have Mr. Freedom -> Mr. Freedom (5,685 chars, <title>)
[ 275/1000] OK         must-have Mr. Hobbs Takes a Vacation -> Mr. Hobbs Takes a Vacation (4,096 chars, <title>)
[ 276/1000] OK         must-have Mr. Nobody -> Mr. Nobody (film) (5,555 chars, <title> (film))
[ 277/1000] OK         must-have Mr. Wonderful -> Mr. Wonderful (film) (2,781 chars, <title> (film))
[ 278/1000] OK         must-have Mujhse Dosti Karoge! -> Mujhse Dosti Karoge! (5,035 chars, <title>)
[ 279/1000] OK         must-have Mulan -> Mulan (1998 film) (5,712 chars, <title> (<year> film))
[ 280/1000] OK         must-have Music and Lyrics -> Music and Lyrics (5,227 chars, <title>)
[ 281/1000] OK         must-have Mutants -> Mutants (2009 film) (1,354 chars, <title> (<year> film))
[ 282/1000] OK         must-have My Forbidden Past -> My Forbidden Past (1,677 chars, <title>)
[ 283/1000] OK         must-have My Mother's Smile -> My Mother's Smile (3,059 chars, <title>)
[ 284/1000] OK         must-have My Name Is Bruce -> My Name Is Bruce (4,721 chars, <title>)
[ 285/1000] OK         must-have My Son the Fanatic -> My Son the Fanatic (film) (2,766 chars, <title> (film))
[ 286/1000] OK         must-have My Voyage to Italy -> My Voyage to Italy (960 chars, <title>)
[ 287/1000] OK         must-have Möbius -> Möbius (film) (1,161 chars, <title> (film))
[ 288/1000] OK         must-have Naan Kadavul -> Naan Kadavul (4,677 chars, <title>)
[ 289/1000] OK         must-have Nancy Drew -> Nancy Drew (2007 film) (5,071 chars, <title> (<year> film))
[ 290/1000] OK         must-have Naqoyqatsi -> Naqoyqatsi (516 chars, <title>)
[ 291/1000] OK         must-have National Velvet -> National Velvet (film) (4,630 chars, <title> (film))
[ 292/1000] OK         must-have Nativity! -> Nativity! (film) (5,946 chars, <title> (film))
[ 293/1000] OK         must-have Navy Blues -> Navy Blues (1929 film) (679 chars, <title> (<year> film))
[ 294/1000] OK         must-have Near Dark -> Near Dark (4,572 chars, <title>)
[ 295/1000] OK         must-have Never on Sunday -> Never on Sunday (5,638 chars, <title>)
[ 296/1000] OK         must-have New York -> New York (2009 film) (4,638 chars, <title> (<year> film))
[ 297/1000] OK         must-have Night Catches Us -> Night Catches Us (film) (3,398 chars, <title> (film))
[ 298/1000] OK         must-have Nightwatching -> Nightwatching (2,678 chars, <title>)
[ 299/1000] OK         must-have Nim's Island -> Nim's Island (film) (4,803 chars, <title> (film))
[ 300/1000] OK         must-have Nine -> Nine (2009 live-action film) (5,944 chars, search)
[ 301/1000] OK         must-have Ninja Assassin -> Ninja Assassin (4,354 chars, <title>)
[ 302/1000] OK         must-have No Man's Land -> No Man's Land (1987 film) (4,215 chars, <title> (<year> film))
[ 303/1000] OK         must-have No Regrets for Our Youth -> No Regrets for Our Youth (5,352 chars, <title>)
[ 304/1000] OK         must-have No Retreat, No Surrender -> No Retreat, No Surrender (5,782 chars, <title>)
[ 305/1000] OK         must-have No Retreat, No Surrender 2 -> No Retreat, No Surrender 2 (5,393 chars, <title>)
[ 306/1000] OK         must-have No Small Affair -> No Small Affair (film) (2,511 chars, <title> (film))
[ 307/1000] OK         must-have North to Alaska -> North to Alaska (5,277 chars, <title>)
[ 308/1000] OK         must-have Not Safe for Work -> Not Safe for Work (film) (4,838 chars, <title> (film))
[ 309/1000] OK         must-have O -> O (2001 film) (4,833 chars, <title> (<year> film))
[ 310/1000] OK         must-have Odd Thomas -> Odd Thomas (film) (4,811 chars, <title> (film))
[ 311/1000] OK         must-have Of Time and the City -> Of Time and the City (1,813 chars, <title>)
[ 312/1000] OK         must-have Oh, God! You Devil -> Oh, God! You Devil (3,797 chars, <title>)
[ 313/1000] OK         must-have On the Riviera -> On the Riviera (5,601 chars, <title>)
[ 314/1000] OK         must-have One Man Up -> One Man Up (1,081 chars, <title>)
[ 315/1000] OK         must-have Only Two Can Play -> Only Two Can Play (2,522 chars, <title>)
[ 316/1000] OK         must-have Osaka Elegy -> Osaka Elegy (3,575 chars, <title>)
[ 317/1000] OK         must-have Paddington -> Paddington (2014 film) (5,272 chars, <title> (<year> film))
[ 318/1000] OK         must-have Painted Skin -> Painted Skin (2008 film) (3,418 chars, <title> (<year> film))
[ 319/1000] OK         must-have Pandaemonium -> Pandaemonium (film) (1,107 chars, <title> (film))
[ 320/1000] OK         must-have Paper Lion -> Paper Lion (film) (2,606 chars, <title> (film))
[ 321/1000] OK         must-have Paradise Road -> Paradise Road (1997 film) (4,232 chars, <title> (<year> film))
[ 322/1000] OK         must-have Patty Hearst -> Patty Hearst (film) (4,333 chars, <title> (film))
[ 323/1000] OK         must-have Phaedra -> Phaedra (film) (1,504 chars, <title> (film))
[ 324/1000] OK         must-have Pillow of Death -> Pillow of Death (1,491 chars, <title>)
[ 325/1000] OK         must-have Pinky -> Pinky (1949 film) (3,615 chars, <title> (<year> film))
[ 326/1000] OK         must-have Piranha 3DD -> Piranha 3DD (5,902 chars, <title>)
[ 327/1000] OK         must-have Pitch Black -> Pitch Black (2000 film) (5,753 chars, <title> (<year> film))
[ 328/1000] OK         must-have Poison Ivy -> Poison Ivy (1992 film) (4,919 chars, <title> (<year> film))
[ 329/1000] OK         must-have Polisse -> Polisse (1,738 chars, <title>)
[ 330/1000] OK         must-have Pope Joan -> Pope Joan (2009 film) (5,988 chars, <title> (<year> film))
[ 331/1000] OK         must-have Postal -> Postal (2007 film) (5,084 chars, <title> (<year> film))
[ 332/1000] OK         must-have Potiche -> Potiche (4,989 chars, <title>)
[ 333/1000] OK         must-have Powaqqatsi -> Powaqqatsi (948 chars, <title>)
[ 334/1000] OK         must-have Precious -> Precious (2009 film) (5,998 chars, <title> (<year> film))
[ 335/1000] OK         must-have Private Confessions -> Private Confessions (2,442 chars, <title>)
[ 336/1000] OK         must-have Prometheus -> Prometheus (2012 film) (5,952 chars, <title> (<year> film))
[ 337/1000] OK         must-have Psycho II -> Psycho II (film) (5,296 chars, <title> (film))
[ 338/1000] OK         must-have Quick Change -> Quick Change (1990 film) (3,900 chars, <title> (<year> film))
[ 339/1000] OK         must-have Ratcatcher -> Ratcatcher (film) (5,275 chars, <title> (film))
[ 340/1000] OK         must-have Rebellion -> Rebellion (2011 film) (2,042 chars, <title> (<year> film))
[ 341/1000] OK         must-have Red Salute -> Red Salute (1935 film) (3,541 chars, <title> (<year> film))
[ 342/1000] OK         must-have Repast -> Repast (film) (5,356 chars, <title> (film))
[ 343/1000] OK         must-have Repentance -> Repentance (1987 film) (3,074 chars, search)
[ 344/1000] UNVERIFIED must-have Return to House on Haunted Hill (House on Haunted Hill (1999 film): no linked KB person mentioned)
[ 345/1000] OK         must-have Return to Peyton Place -> Return to Peyton Place (film) (5,865 chars, <title> (film))
[ 346/1000] OK         must-have Return to the Blue Lagoon -> Return to the Blue Lagoon (5,775 chars, <title>)
[ 347/1000] OK         must-have Riddick -> Riddick (film) (5,890 chars, <title> (film))
[ 348/1000] OK         must-have Rififi -> Rififi (5,639 chars, <title>)
[ 349/1000] OK         must-have Rio 2 -> Rio 2 (5,276 chars, <title>)
[ 350/1000] OK         must-have River Queen -> River Queen (2,602 chars, <title>)
[ 351/1000] OK         must-have Road to Zanzibar -> Road to Zanzibar (3,436 chars, <title>)
[ 352/1000] OK         must-have RocknRolla -> RocknRolla (5,575 chars, <title>)
[ 353/1000] OK         must-have Roll Bounce -> Roll Bounce (4,472 chars, <title>)
[ 354/1000] OK         must-have Romeo Must Die -> Romeo Must Die (5,892 chars, <title>)
[ 355/1000] OK         must-have Romulus, My Father -> Romulus, My Father (film) (1,683 chars, <title> (film))
[ 356/1000] OK         must-have Rough Night in Jericho -> Rough Night in Jericho (film) (2,447 chars, <title> (film))
[ 357/1000] OK         must-have Rudderless -> Rudderless (5,791 chars, <title>)
[ 358/1000] OK         must-have Ruggles of Red Gap -> Ruggles of Red Gap (5,402 chars, <title>)
[ 359/1000] OK         must-have Run Lola Run -> Run Lola Run (4,205 chars, <title>)
[ 360/1000] OK         must-have Runner Runner -> Runner Runner (film) (4,702 chars, <title> (film))
[ 361/1000] OK         must-have Safe Conduct -> Safe Conduct (film) (1,704 chars, <title> (film))
[ 362/1000] OK         must-have Salaam Namaste -> Salaam Namaste (2005 film) (5,517 chars, <title> (<year> film))
[ 363/1000] OK         must-have Samsara -> Samsara (2001 film) (2,080 chars, <title> (<year> film))
[ 364/1000] OK         must-have Samurai Assassin -> Samurai Assassin (2,155 chars, <title>)
[ 365/1000] OK         must-have Samurai Rebellion -> Samurai Rebellion (3,131 chars, <title>)
[ 366/1000] OK         must-have Sanctum -> Sanctum (film) (5,925 chars, <title> (film))
[ 367/1000] OK         must-have Sansho the Bailiff -> Sansho the Bailiff (5,093 chars, <title>)
[ 368/1000] OK         must-have Santa Sangre -> Santa Sangre (5,220 chars, <title>)
[ 369/1000] OK         must-have Scenes from the Class Struggle in Beverly Hills -> Scenes from the Class Struggle in Beverly Hills (4,750 chars, <title>)
[ 370/1000] OK         must-have Shadowboxer -> Shadowboxer (4,417 chars, <title>)
[ 371/1000] OK         must-have She Done Him Wrong -> She Done Him Wrong (4,789 chars, <title>)
[ 372/1000] OK         must-have She Hate Me -> She Hate Me (4,598 chars, <title>)
[ 373/1000] OK         must-have Sheena -> Sheena (film) (5,820 chars, <title> (film))
[ 374/1000] OK         must-have Shirley Valentine -> Shirley Valentine (film) (4,980 chars, <title> (film))
[ 375/1000] OK         must-have Shrek -> Shrek (2001 film) (4,799 chars, <title> (<year> film))
[ 376/1000] OK         must-have Shrek 2 -> Shrek 2 (5,593 chars, <title>)
[ 377/1000] OK         must-have Shrek the Halls -> Shrek the Halls (3,540 chars, <title>)
[ 378/1000] OK         must-have Sideways -> Sideways (2004 film) (5,819 chars, <title> (<year> film))
[ 379/1000] OK         must-have Silent Night, Bloody Night -> Silent Night, Bloody Night (5,948 chars, <title>)
[ 380/1000] OK         must-have Sisters of the Gion -> Sisters of the Gion (3,399 chars, <title>)
[ 381/1000] OK         must-have Skins -> Skins (2002 film) (4,970 chars, <title> (<year> film))
[ 382/1000] OK         must-have Smashing Time -> Smashing Time (5,415 chars, <title>)
[ 383/1000] OK         must-have Smoke -> Smoke (film) (5,700 chars, <title> (film))
[ 384/1000] OK         must-have So Close -> So Close (film) (4,272 chars, <title> (film))
[ 385/1000] OK         must-have So I Married an Axe Murderer -> So I Married an Axe Murderer (5,459 chars, <title>)
[ 386/1000] OK         must-have Something Wicked This Way Comes -> Something Wicked This Way Comes (1983 film) (5,823 chars, <title> (<year> film))
[ 387/1000] OK         must-have Son of the Bride -> Son of the Bride (3,459 chars, <title>)
[ 388/1000] OK         must-have Songs from the Second Floor -> Songs from the Second Floor (2,722 chars, <title>)
[ 389/1000] OK         must-have Sound of My Voice -> Sound of My Voice (3,630 chars, <title>)
[ 390/1000] OK         must-have Sound of the Mountain -> Sound of the Mountain (1,687 chars, <title>)
[ 391/1000] OK         must-have Source Code -> Source Code (2011 film) (5,391 chars, <title> (<year> film))
[ 392/1000] OK         must-have Southern Comfort -> Southern Comfort (1981 film) (4,518 chars, <title> (<year> film))
[ 393/1000] OK         must-have Squirm -> Squirm (film) (5,856 chars, <title> (film))
[ 394/1000] OK         must-have Star Trek Into Darkness -> Star Trek Into Darkness (5,465 chars, <title>)
[ 395/1000] OK         must-have State of Play -> State of Play (2009 film) (5,777 chars, <title> (<year> film))
[ 396/1000] OK         must-have Stealing Beauty -> Stealing Beauty (5,658 chars, <title>)
[ 397/1000] OK         must-have Step Up 3D -> Step Up 3D (5,878 chars, <title>)
[ 398/1000] OK         must-have Stonewall -> Stonewall (1995 film) (5,047 chars, <title> (<year> film))
[ 399/1000] OK         must-have Stonewall Uprising -> Stonewall Uprising (film) (935 chars, <title> (film))
[ 400/1000] OK         must-have Stop Making Sense -> Stop Making Sense (1,705 chars, <title>)
[ 401/1000] OK         must-have Straight Shooting -> Straight Shooting (1,220 chars, <title>)
[ 402/1000] OK         must-have Strangers When We Meet -> Strangers When We Meet (film) (3,249 chars, <title> (film))
[ 403/1000] OK         must-have Street of Shame -> Street of Shame (2,990 chars, <title>)
[ 404/1000] OK         must-have Summer Wars -> Summer Wars (5,782 chars, <title>)
[ 405/1000] OK         must-have Suspect -> Suspect (1987 film) (2,616 chars, <title> (<year> film))
[ 406/1000] OK         must-have Syndromes and a Century -> Syndromes and a Century (1,976 chars, <title>)
[ 407/1000] OK         must-have Séraphine -> Séraphine (film) (3,068 chars, <title> (film))
[ 408/1000] OK         must-have Taffin -> Taffin (3,721 chars, <title>)
[ 409/1000] OK         must-have Take Her, She's Mine -> Take Her, She's Mine (1,963 chars, <title>)
[ 410/1000] OK         must-have Take a Giant Step -> Take a Giant Step (5,058 chars, <title>)
[ 411/1000] OK         must-have Tarzan the Fearless -> Tarzan the Fearless (5,302 chars, <title>)
[ 412/1000] OK         must-have Tarzan's Greatest Adventure -> Tarzan's Greatest Adventure (5,553 chars, <title>)
[ 413/1000] OK         must-have Tell It to the Marines -> Tell It to the Marines (1926 film) (3,535 chars, <title> (<year> film))
[ 414/1000] OK         must-have Ten Canoes -> Ten Canoes (1,497 chars, <title>)
[ 415/1000] OK         must-have Tentação -> Tentação (460 chars, <title>)
[ 416/1000] OK         must-have Tex -> Tex (film) (2,096 chars, <title> (film))
[ 417/1000] OK         must-have Texas Chainsaw 3D -> Texas Chainsaw 3D (5,307 chars, <title>)
[ 418/1000] OK         must-have Thank You for Smoking -> Thank You for Smoking (film) (5,624 chars, <title> (film))
[ 419/1000] OK         must-have That Hamilton Woman -> That Hamilton Woman (5,308 chars, <title>)
[ 420/1000] OK         must-have The 10th Victim -> The 10th Victim (4,490 chars, <title>)
[ 421/1000] OK         must-have The 47 Ronin -> The 47 Ronin (1941 film) (3,785 chars, <title> (<year> film))
[ 422/1000] OK         must-have The Accidental Husband -> The Accidental Husband (5,040 chars, <title>)
[ 423/1000] OK         must-have The Adventures of Pinocchio -> The Adventures of Pinocchio (1996 film) (5,376 chars, <title> (<year> film))
[ 424/1000] OK         must-have The Adventures of Tarzan -> The Adventures of Tarzan (2,592 chars, <title>)
[ 425/1000] OK         must-have The All Together -> The All Together (1,618 chars, <title>)
[ 426/1000] OK         must-have The Amazing Spider-Man -> The Amazing Spider-Man (2012 film) (5,392 chars, <title> (<year> film))
[ 427/1000] OK         must-have The Amazing Spider-Man 2 -> The Amazing Spider-Man 2 (2014 film) (5,837 chars, <title> (<year> film))
[ 428/1000] OK         must-have The Arrival -> The Arrival (1996 film) (5,624 chars, <title> (<year> film))
[ 429/1000] OK         must-have The Assault -> The Assault (1986 film) (2,367 chars, <title> (<year> film))
[ 430/1000] OK         must-have The Best Intentions -> The Best Intentions (5,604 chars, <title>)
[ 431/1000] OK         must-have The Big Lebowski -> The Big Lebowski (5,537 chars, <title>)
[ 432/1000] OK         must-have The Birds -> The Birds (1963 film) (5,903 chars, <title> (<year> film))
[ 433/1000] OK         must-have The Black Balloon -> The Black Balloon (film) (5,375 chars, <title> (film))
[ 434/1000] OK         must-have The Black Stallion -> The Black Stallion (1979 film) (4,516 chars, <title> (<year> film))
[ 435/1000] OK         must-have The Black Stallion Returns -> The Black Stallion Returns (4,219 chars, <title>)
[ 436/1000] OK         must-have The Bleeding House -> The Bleeding House (921 chars, <title>)
[ 437/1000] OK         must-have The Blot -> The Blot (4,941 chars, <title>)
[ 438/1000] OK         must-have The Blue Lagoon -> The Blue Lagoon (1980 film) (5,974 chars, <title> (<year> film))
[ 439/1000] OK         must-have The Bourne Identity -> The Bourne Identity (2002 film) (5,758 chars, <title> (<year> film))
[ 440/1000] OK         must-have The Bride with White Hair -> The Bride with White Hair (1,574 chars, <title>)
[ 441/1000] OK         must-have The Brown Bunny -> The Brown Bunny (4,777 chars, <title>)
[ 442/1000] OK         must-have The Cabin in the Woods -> The Cabin in the Woods (5,821 chars, <title>)
[ 443/1000] OK         must-have The Castaway Cowboy -> The Castaway Cowboy (1,860 chars, <title>)
[ 444/1000] OK         must-have The Chalk Garden -> The Chalk Garden (film) (5,093 chars, <title> (film))
[ 445/1000] OK         must-have The Chasers -> The Chasers (1959 film) (893 chars, <title> (<year> film))
[ 446/1000] OK         must-have The Chronicles of Riddick -> The Chronicles of Riddick (5,958 chars, <title>)
[ 447/1000] OK         must-have The Cockleshell Heroes -> The Cockleshell Heroes (5,455 chars, <title>)
[ 448/1000] OK         must-have The Craft -> The Craft (1996 film) (5,246 chars, <title> (<year> film))
[ 449/1000] OK         must-have The Crimson Rivers -> The Crimson Rivers (4,924 chars, <title>)
[ 450/1000] OK         must-have The Croods -> The Croods (2013 film) (5,389 chars, <title> (<year> film))
[ 451/1000] OK         must-have The Crucified Lovers -> The Crucified Lovers (4,776 chars, <title>)
[ 452/1000] OK         must-have The Dance of Reality -> The Dance of Reality (5,054 chars, <title>)
[ 453/1000] UNVERIFIED must-have The Dark House (The House of the Devil (2009 film): no linked KB person mentioned)
[ 454/1000] OK         must-have The Day the Earth Caught Fire -> The Day the Earth Caught Fire (5,425 chars, <title>)
[ 455/1000] OK         must-have The Deep Blue Sea -> The Deep Blue Sea (2011 film) (2,559 chars, <title> (<year> film))
[ 456/1000] OK         must-have The Devil's Backbone -> The Devil's Backbone (5,442 chars, <title>)
[ 457/1000] OK         must-have The Dilemma -> The Dilemma (film) (3,322 chars, <title> (film))
[ 458/1000] OK         must-have The Dunwich Horror -> The Dunwich Horror (film) (5,844 chars, <title> (film))
[ 459/1000] OK         must-have The East -> The East (2013 film) (5,355 chars, <title> (<year> film))
[ 460/1000] OK         must-have The Eighth Day -> The Eighth Day (1996 film) (1,667 chars, <title> (<year> film))
[ 461/1000] OK         must-have The End of Love -> The End of Love (1,096 chars, <title>)
[ 462/1000] OK         must-have The End of Summer -> The End of Summer (2,508 chars, <title>)
[ 463/1000] OK         must-have The English Patient -> The English Patient (film) (5,474 chars, <title> (film))
[ 464/1000] OK         must-have The Exorcist III -> The Exorcist III (5,249 chars, <title>)
[ 465/1000] OK         must-have The First Day of the Rest of Your Life -> The First Day of the Rest of Your Life (film) (986 chars, <title> (film))
[ 466/1000] OK         must-have The French Minister -> The French Minister (film) (2,557 chars, <title> (film))
[ 467/1000] OK         must-have The Ghost Breakers -> The Ghost Breakers (4,292 chars, <title>)
[ 468/1000] OK         must-have The Girl Said No -> The Girl Said No (1930 film) (1,333 chars, <title> (<year> film))
[ 469/1000] OK         must-have The Girl by the Lake -> The Girl by the Lake (2,359 chars, <title>)
[ 470/1000] OK         must-have The Good Life -> The Good Life (2007 film) (1,019 chars, <title> (<year> film))
[ 471/1000] OK         must-have The Great Lie -> The Great Lie (2,340 chars, <title>)
[ 472/1000] OK         must-have The Grey Zone -> The Grey Zone (4,513 chars, <title>)
[ 473/1000] OK         must-have The Halloween Tree -> The Halloween Tree (film) (5,109 chars, <title> (film))
[ 474/1000] OK         must-have The Heavenly Body -> The Heavenly Body (4,094 chars, <title>)
[ 475/1000] OK         must-have The Help -> The Help (2011 film) (5,595 chars, <title> (<year> film))
[ 476/1000] OK         must-have The Holy Mountain -> The Holy Mountain (1973 film) (4,804 chars, <title> (<year> film))
[ 477/1000] OK         must-have The Honeymooners -> The Honeymooners (2005 film) (1,695 chars, <title> (<year> film))
[ 478/1000] OK         must-have The House of Mirth -> The House of Mirth (2000 film) (5,835 chars, <title> (<year> film))
[ 479/1000] OK         must-have The House of the Devil -> The House of the Devil (2009 film) (3,728 chars, <title> (<year> film))
[ 480/1000] OK         must-have The Hundred-Foot Journey -> The Hundred-Foot Journey (film) (5,945 chars, <title> (film))
[ 481/1000] OK         must-have The Hurt Locker -> The Hurt Locker (5,985 chars, <title>)
[ 482/1000] OK         must-have The Illustrated Man -> The Illustrated Man (film) (1,785 chars, <title> (film))
[ 483/1000] OK         must-have The Invisible Man Returns -> The Invisible Man Returns (3,872 chars, <title>)
[ 484/1000] OK         must-have The Judge and the Assassin -> The Judge and the Assassin (1,605 chars, <title>)
[ 485/1000] OK         must-have The Kid with a Bike -> The Kid with a Bike (4,117 chars, <title>)
[ 486/1000] OK         must-have The Kingdom -> The Kingdom (2007 film) (5,544 chars, <title> (<year> film))
[ 487/1000] OK         must-have The Kite Runner -> The Kite Runner (film) (5,859 chars, <title> (film))
[ 488/1000] OK         must-have The Land Girls -> The Land Girls (film) (1,718 chars, <title> (film))
[ 489/1000] OK         must-have The Lathe of Heaven -> The Lathe of Heaven (film) (4,417 chars, <title> (film))
[ 490/1000] OK         must-have The Law -> The Law (1959 film) (1,285 chars, <title> (<year> film))
[ 491/1000] OK         must-have The Left Hand of God -> The Left Hand of God (3,400 chars, <title>)
[ 492/1000] OK         must-have The Left Handed Gun -> The Left Handed Gun (2,723 chars, <title>)
[ 493/1000] OK         must-have The Life of Oharu -> The Life of Oharu (5,206 chars, <title>)
[ 494/1000] OK         must-have The Little Kidnappers -> The Little Kidnappers (1953 film) (5,177 chars, <title> (<year> film))
[ 495/1000] OK         must-have The Lives of Others -> The Lives of Others (5,640 chars, <title>)
[ 496/1000] OK         must-have The Lonely Guy -> The Lonely Guy (3,510 chars, <title>)
[ 497/1000] OK         must-have The Long Day Closes -> The Long Day Closes (film) (1,582 chars, <title> (film))
[ 498/1000] OK         must-have The Lost Future -> The Lost Future (4,560 chars, <title>)
[ 499/1000] OK         must-have The Love Guru -> The Love Guru (5,835 chars, <title>)
[ 500/1000] OK         must-have The Marriage of Maria Braun -> The Marriage of Maria Braun (5,954 chars, <title>)
[ 501/1000] OK         must-have The Mask of Dimitrios -> The Mask of Dimitrios (4,032 chars, <title>)
[ 502/1000] OK         must-have The Medallion -> The Medallion (film) (5,329 chars, <title> (film))
[ 503/1000] OK         must-have The Method -> The Method (2005 film) (1,258 chars, <title> (<year> film))
[ 504/1000] OK         must-have The Million Dollar Duck -> The Million Dollar Duck (4,500 chars, <title>)
[ 505/1000] OK         must-have The Miracle of Bern -> The Miracle of Bern (3,040 chars, <title>)
[ 506/1000] OK         must-have The Miracle of Our Lady of Fatima -> The Miracle of Our Lady of Fatima (4,857 chars, <title>)
[ 507/1000] OK         must-have The Most Dangerous Game -> The Most Dangerous Game (1932 film) (5,947 chars, <title> (<year> film))
[ 508/1000] OK         must-have The Motorcycle Diaries -> The Motorcycle Diaries (film) (5,446 chars, <title> (film))
[ 509/1000] OK         must-have The Mystic Masseur -> The Mystic Masseur (1,319 chars, <title>)
[ 510/1000] OK         must-have The Nativity -> The Nativity (1978 film) (930 chars, <title> (<year> film))
[ 511/1000] OK         must-have The Neon Bible -> The Neon Bible (film) (1,720 chars, <title> (film))
[ 512/1000] OK         must-have The New Land -> The New Land (1972 film) (5,527 chars, <title> (<year> film))
[ 513/1000] OK         must-have The New Legend of Shaolin -> The New Legend of Shaolin (film) (5,153 chars, <title> (film))
[ 514/1000] OK         must-have The Olsen Gang -> The Olsen Gang (film) (2,630 chars, <title> (film))
[ 515/1000] OK         must-have The Olsen Gang on the Track -> The Olsen Gang on the Track (3,321 chars, <title>)
[ 516/1000] OK         must-have The Onion Field -> The Onion Field (film) (2,689 chars, <title> (film))
[ 517/1000] OK         must-have The Other Man -> The Other Man (2008 film) (3,931 chars, <title> (<year> film))
[ 518/1000] OK         must-have The Paperboy -> The Paperboy (2012 film) (4,946 chars, <title> (<year> film))
[ 519/1000] OK         must-have The Paradine Case -> The Paradine Case (4,039 chars, <title>)
[ 520/1000] OK         must-have The Pawnbroker -> The Pawnbroker (film) (5,617 chars, <title> (film))
[ 521/1000] OK         must-have The Phantom Tollbooth -> The Phantom Tollbooth (film) (3,540 chars, <title> (film))
[ 522/1000] OK         must-have The Pirates of Penzance -> The Pirates of Penzance (1983 film) (4,452 chars, <title> (<year> film))
[ 523/1000] OK         must-have The Plastic Age -> The Plastic Age (film) (2,840 chars, <title> (film))
[ 524/1000] OK         must-have The Princess Diaries -> The Princess Diaries (film) (4,562 chars, <title> (film))
[ 525/1000] OK         must-have The Princess and the Pirate -> The Princess and the Pirate (5,123 chars, <title>)
[ 526/1000] OK         must-have The Princess and the Warrior -> The Princess and the Warrior (5,978 chars, <title>)
[ 527/1000] OK         must-have The Princess of Montpensier -> The Princess of Montpensier (5,924 chars, <title>)
[ 528/1000] OK         must-have The Public Eye -> The Public Eye (film) (2,664 chars, <title> (film))
[ 529/1000] OK         must-have The Punk Syndrome -> The Punk Syndrome (617 chars, <title>)
[ 530/1000] OK         must-have The Quatermass Xperiment -> The Quatermass Xperiment (5,008 chars, <title>)
[ 531/1000] OK         must-have The Quiet Room -> The Quiet Room (1996 film) (2,985 chars, <title> (<year> film))
[ 532/1000] OK         must-have The Reef -> The Reef (2010 film) (3,868 chars, <title> (<year> film))
[ 533/1000] OK         must-have The Rewrite -> The Rewrite (4,335 chars, <title>)
[ 534/1000] OK         must-have The Scenesters -> The Scenesters (1,014 chars, <title>)
[ 535/1000] OK         must-have The Science of Sleep -> The Science of Sleep (5,117 chars, <title>)
[ 536/1000] OK         must-have The Secret in Their Eyes -> The Secret in Their Eyes (2009 film) (5,577 chars, <title> (<year> film))
[ 537/1000] OK         must-have The Sheltering Sky -> The Sheltering Sky (film) (4,544 chars, <title> (film))
[ 538/1000] OK         must-have The Shepherd of the Hills -> The Shepherd of the Hills (1941 film) (3,371 chars, <title> (<year> film))
[ 539/1000] OK         must-have The Smart Set -> The Smart Set (1928 film) (698 chars, <title> (<year> film))
[ 540/1000] OK         must-have The Spirit of St. Louis -> The Spirit of St. Louis (film) (5,873 chars, <title> (film))
[ 541/1000] OK         must-have The Sweeney -> The Sweeney (2012 film) (5,069 chars, <title> (<year> film))
[ 542/1000] OK         must-have The Talented Mr. Ripley -> The Talented Mr. Ripley (film) (5,674 chars, <title> (film))
[ 543/1000] OK         must-have The Tao of Steve -> The Tao of Steve (2,763 chars, <title>)
[ 544/1000] OK         must-have The Thorn in the Heart -> The Thorn in the Heart (463 chars, <title>)
[ 545/1000] OK         must-have The Tracker -> The Tracker (2002 film) (3,667 chars, <title> (<year> film))
[ 546/1000] OK         must-have The Transporter -> The Transporter (film) (4,620 chars, <title> (film))
[ 547/1000] OK         must-have The Truth About Charlie -> The Truth About Charlie (2,751 chars, <title>)
[ 548/1000] OK         must-have The War Lord -> The War Lord (film) (5,214 chars, <title> (film))
[ 549/1000] OK         must-have The We and the I -> The We and the I (1,527 chars, <title>)
[ 550/1000] OK         must-have The Wedding Director -> The Wedding Director (973 chars, <title>)
[ 551/1000] OK         must-have The Wife -> The Wife (1995 film) (1,007 chars, <title> (<year> film))
[ 552/1000] OK         must-have The Witches of Eastwick -> The Witches of Eastwick (film) (5,333 chars, <title> (film))
[ 553/1000] OK         must-have The Woman in Red -> The Woman in Red (1984 film) (4,662 chars, <title> (<year> film))
[ 554/1000] OK         must-have The Woman in the Septic Tank -> The Woman in the Septic Tank (1,940 chars, <title>)
[ 555/1000] OK         must-have The Wonderful Ice Cream Suit -> The Wonderful Ice Cream Suit (5,862 chars, <title>)
[ 556/1000] OK         must-have The Wrong Guy -> The Wrong Guy (1,049 chars, <title>)
[ 557/1000] OK         must-have The Yellow Handkerchief -> The Yellow Handkerchief (2008 film) (2,383 chars, <title> (<year> film))
[ 558/1000] OK         must-have The Young Black Stallion -> The Young Black Stallion (3,041 chars, <title>)
[ 559/1000] OK         must-have The Young Savages -> The Young Savages (4,022 chars, <title>)
[ 560/1000] OK         must-have There's No Business Like Show Business -> There's No Business Like Show Business (film) (5,265 chars, <title> (film))
[ 561/1000] OK         must-have Thief of Hearts -> Thief of Hearts (2,900 chars, <title>)
[ 562/1000] OK         must-have Three Sailors and a Girl -> Three Sailors and a Girl (3,018 chars, <title>)
[ 563/1000] OK         must-have Three Smart Girls Grow Up -> Three Smart Girls Grow Up (1,138 chars, <title>)
[ 564/1000] OK         must-have Threesome -> Threesome (1994 film) (1,908 chars, <title> (<year> film))
[ 565/1000] OK         must-have Thunderbolt -> Thunderbolt (1995 film) (4,740 chars, <title> (<year> film))
[ 566/1000] OK         must-have Thunderheart -> Thunderheart (5,524 chars, <title>)
[ 567/1000] OK         must-have Time Out -> Time Out (2001 film) (1,838 chars, <title> (<year> film))
[ 568/1000] OK         must-have Time Without Pity -> Time Without Pity (3,790 chars, <title>)
[ 569/1000] OK         must-have Tobruk -> Tobruk (1967 film) (5,677 chars, <title> (<year> film))
[ 570/1000] OK         must-have Tokyo! -> Tokyo! (767 chars, <title>)
[ 571/1000] OK         must-have Tony Rome -> Tony Rome (3,678 chars, <title>)
[ 572/1000] OK         must-have Toomorrow -> Toomorrow (film) (1,308 chars, <title> (film))
[ 573/1000] OK         must-have Topper Takes a Trip -> Topper Takes a Trip (2,041 chars, <title>)
[ 574/1000] OK         must-have Toto the Hero -> Toto the Hero (2,653 chars, <title>)
[ 575/1000] OK         must-have Trader Horn -> Trader Horn (1931 film) (1,871 chars, <title> (<year> film))
[ 576/1000] OK         must-have Traffic Department -> Traffic Department (film) (1,310 chars, <title> (film))
[ 577/1000] OK         must-have Tropical Malady -> Tropical Malady (1,332 chars, <title>)
[ 578/1000] OK         must-have True Confession -> True Confession (4,055 chars, <title>)
[ 579/1000] OK         must-have Turkish Delight -> Turkish Delight (1973 film) (5,381 chars, <title> (<year> film))
[ 580/1000] OK         must-have Twelve O'Clock High -> Twelve O'Clock High (5,423 chars, <title>)
[ 581/1000] OK         must-have Two Weeks Notice -> Two Weeks Notice (4,383 chars, <title>)
[ 582/1000] OK         must-have Ugetsu -> Ugetsu (film) (5,651 chars, <title> (film))
[ 583/1000] OK         must-have Uncle Boonmee Who Can Recall His Past Lives -> Uncle Boonmee Who Can Recall His Past Lives (4,859 chars, <title>)
[ 584/1000] OK         must-have Up in the Air -> Up in the Air (2009 film) (5,623 chars, <title> (<year> film))
[ 585/1000] OK         must-have Utamaro and His Five Women -> Utamaro and His Five Women (976 chars, <title>)
[ 586/1000] OK         must-have V/H/S/2 -> V/H/S/2 (1,711 chars, <title>)
[ 587/1000] OK         must-have Vera Drake -> Vera Drake (3,601 chars, <title>)
[ 588/1000] OK         must-have Vincere -> Vincere (2,736 chars, <title>)
[ 589/1000] OK         must-have Waiting to Exhale -> Waiting to Exhale (5,353 chars, <title>)
[ 590/1000] OK         must-have Warrior of the Lost World -> Warrior of the Lost World (3,087 chars, <title>)
[ 591/1000] OK         must-have Waterland -> Waterland (film) (5,969 chars, <title> (film))
[ 592/1000] OK         must-have Wayne's World -> Wayne's World (film) (5,903 chars, <title> (film))
[ 593/1000] OK         must-have Wayne's World 2 -> Wayne's World 2 (5,402 chars, <title>)
[ 594/1000] OK         must-have We Are the Night -> We Are the Night (film) (5,319 chars, <title> (film))
[ 595/1000] OK         must-have We Need to Talk About Kevin -> We Need to Talk About Kevin (film) (4,195 chars, <title> (film))
[ 596/1000] OK         must-have Weird Woman -> Weird Woman (3,052 chars, <title>)
[ 597/1000] OK         must-have Went to Coney Island on a Mission from God... Be Back by Five -> Went to Coney Island on a Mission from God... Be Back by Five (2,688 chars, <title>)
[ 598/1000] OK         must-have West Is West -> West Is West (2010 film) (5,254 chars, <title> (<year> film))
[ 599/1000] OK         must-have What Dreams May Come -> What Dreams May Come (film) (4,714 chars, <title> (film))
[ 600/1000] OK         must-have What We Do in the Shadows -> What We Do in the Shadows (5,177 chars, <title>)
[ 601/1000] OK         must-have Wheel of Time -> Wheel of Time (film) (374 chars, <title> (film))
[ 602/1000] OK         must-have When Dinosaurs Ruled the Earth -> When Dinosaurs Ruled the Earth (4,380 chars, <title>)
[ 603/1000] OK         must-have When a Man Loves a Woman -> When a Man Loves a Woman (film) (4,876 chars, <title> (film))
[ 604/1000] OK         must-have Wild Horses -> Wild Horses (1995 film) (5,399 chars, <title> (<year> film))
[ 605/1000] OK         must-have Wolf Children -> Wolf Children (4,378 chars, <title>)
[ 606/1000] OK         must-have Wolfsburg -> Wolfsburg (film) (529 chars, <title> (film))
[ 607/1000] OK         must-have Woman of the Year -> Woman of the Year (1942 film) (5,925 chars, <title> (<year> film))
[ 608/1000] OK         must-have World War Z -> World War Z (film) (5,448 chars, <title> (film))
[ 609/1000] OK         must-have You Can't Win 'Em All -> You Can't Win 'Em All (3,357 chars, <title>)
[ 610/1000] OK         must-have You Will Meet a Tall Dark Stranger -> You Will Meet a Tall Dark Stranger (3,595 chars, <title>)
[ 611/1000] OK         must-have You, the Living -> You, the Living (4,687 chars, <title>)
[ 612/1000] OK         must-have Youth of the Beast -> Youth of the Beast (937 chars, <title>)
[ 613/1000] OK         must-have Zarafa -> Zarafa (film) (4,574 chars, <title> (film))
[ 614/1000] OK         must-have Zero for Conduct -> Zero for Conduct (4,046 chars, <title>)
[ 615/1000] OK         must-have Zombieland -> Zombieland (5,946 chars, <title>)
[ 616/1000] OK         must-have Zombies of Mora Tau -> Zombies of Mora Tau (1,504 chars, <title>)
[ 617/1000] OK         must-have Zone 39 -> Zone 39 (1,532 chars, <title>)
[ 618/1000] OK         must-have Zookeeper -> Zookeeper (film) (5,913 chars, <title> (film))
[ 619/1000] OK         must-have Zoot Suit -> Zoot Suit (film) (5,555 chars, <title> (film))
[ 620/1000] OK         must-have Zozo -> Zozo (film) (601 chars, <title> (film))
[ 621/1000] OK         hard      2 Fast 2 Furious -> 2 Fast 2 Furious (5,367 chars, <title>)
[ 622/1000] OK         hard      50 First Dates -> 50 First Dates (5,137 chars, <title>)
[ 623/1000] OK         hard      A Dangerous Woman -> A Dangerous Woman (1993 film) (4,051 chars, <title> (<year> film))
[ 624/1000] OK         hard      Aakrosh -> Aakrosh (2010 film) (5,940 chars, <title> (<year> film))
[ 625/1000] OK         hard      Absolon -> Absolon (film) (1,894 chars, <title> (film))
[ 626/1000] OK         hard      After the Sunset -> After the Sunset (4,924 chars, <title>)
[ 627/1000] OK         hard      Agora -> Agora (2009 film) (5,877 chars, <title> (<year> film))
[ 628/1000] OK         hard      Ah, Wilderness! -> Ah, Wilderness! (1935 film) (3,377 chars, <title> (<year> film))
[ 629/1000] OK         hard      Anchors Aweigh -> Anchors Aweigh (film) (4,768 chars, <title> (film))
[ 630/1000] OK         hard      Anne Frank Remembered -> Anne Frank Remembered (film) (2,736 chars, <title> (film))
[ 631/1000] OK         hard      Another Woman -> Another Woman (1988 film) (2,723 chars, <title> (<year> film))
[ 632/1000] OK         hard      Avalanche -> Avalanche (1978 film) (5,668 chars, <title> (<year> film))
[ 633/1000] OK         hard      Barfi! -> Barfi! (2012 film) (5,804 chars, <title> (<year> film))
[ 634/1000] OK         hard      Beach Red -> Beach Red (2,520 chars, <title>)
[ 635/1000] OK         hard      Behind the Candelabra -> Behind the Candelabra (film) (4,472 chars, <title> (film))
[ 636/1000] OK         hard      Ben-Hur -> Ben-Hur (1959 film) (5,484 chars, <title> (<year> film))
[ 637/1000] OK         hard      Bitter Victory -> Bitter Victory (4,565 chars, <title>)
[ 638/1000] OK         hard      Black Hawk Down -> Black Hawk Down (film) (5,831 chars, <title> (film))
[ 639/1000] OK         hard      Blue Streak -> Blue Streak (film) (5,038 chars, <title> (film))
[ 640/1000] OK         hard      Born to the West -> Born to the West (4,056 chars, <title>)
[ 641/1000] OK         hard      Boys and Girls -> Boys and Girls (2000 film) (4,498 chars, <title> (<year> film))
[ 642/1000] OK         hard      Brave -> Brave (2012 film) (4,924 chars, <title> (<year> film))
[ 643/1000] OK         hard      Bridge to Terabithia -> Bridge to Terabithia (2007 film) (5,695 chars, <title> (<year> film))
[ 644/1000] OK         hard      Buddy Buddy -> Buddy Buddy (film) (3,644 chars, <title> (film))
[ 645/1000] OK         hard      Bullets or Ballots -> Bullets or Ballots (3,226 chars, <title>)
[ 646/1000] OK         hard      Bunny Lake Is Missing -> Bunny Lake Is Missing (5,769 chars, <title>)
[ 647/1000] OK         hard      California -> California (1947 film) (2,440 chars, <title> (<year> film))
[ 648/1000] OK         hard      Carbine Williams -> Carbine Williams (4,634 chars, <title>)
[ 649/1000] OK         hard      Carousel -> Carousel (1956 film) (4,086 chars, <title> (<year> film))
[ 650/1000] OK         hard      Carpool -> Carpool (1996 film) (4,428 chars, <title> (<year> film))
[ 651/1000] OK         hard      Catch and Release -> Catch and Release (2006 film) (4,301 chars, <title> (<year> film))
[ 652/1000] OK         hard      City of Ghosts -> City of Ghosts (2002 film) (1,051 chars, <title> (<year> film))
[ 653/1000] OK         hard      Crazy/Beautiful -> Crazy/Beautiful (3,690 chars, <title>)
[ 654/1000] OK         hard      Criminal Lovers -> Criminal Lovers (2,699 chars, <title>)
[ 655/1000] OK         hard      Daddy's Little Girls -> Daddy's Little Girls (5,962 chars, <title>)
[ 656/1000] OK         hard      Death to Smoochy -> Death to Smoochy (5,277 chars, <title>)
[ 657/1000] OK         hard      Dersu Uzala -> Dersu Uzala (1975 film) (5,375 chars, <title> (<year> film))
[ 658/1000] OK         hard      Die Another Day -> Die Another Day (film) (5,318 chars, <title> (film))
[ 659/1000] OK         hard      Dirty Dingus Magee -> Dirty Dingus Magee (1,748 chars, <title>)
[ 660/1000] OK         hard      Disclosure -> Disclosure (1994 film) (4,900 chars, <title> (<year> film))
[ 661/1000] OK         hard      Dog Day Afternoon -> Dog Day Afternoon (5,909 chars, <title>)
[ 662/1000] OK         hard      Dolores Claiborne -> Dolores Claiborne (film) (5,303 chars, <title> (film))
[ 663/1000] OK         hard      Dredd -> Dredd (2012 film) (5,483 chars, <title> (<year> film))
[ 664/1000] OK         hard      Elektra -> Elektra (2005 film) (5,738 chars, <title> (<year> film))
[ 665/1000] OK         hard      Far from Heaven -> Far from Heaven (4,932 chars, <title>)
[ 666/1000] OK         hard      First Men in the Moon -> First Men in the Moon (1964 film) (5,524 chars, <title> (<year> film))
[ 667/1000] OK         hard      First Monday in October -> First Monday in October (film) (3,994 chars, <title> (film))
[ 668/1000] OK         hard      Frances -> Frances (film) (5,679 chars, <title> (film))
[ 669/1000] OK         hard      French Connection II -> French Connection II (4,224 chars, <title>)
[ 670/1000] OK         hard      From Beyond -> From Beyond (film) (5,218 chars, <title> (film))
[ 671/1000] OK         hard      Games -> Games (film) (4,937 chars, <title> (film))
[ 672/1000] OK         hard      Get Smart -> Get Smart (2008 film) (5,723 chars, <title> (<year> film))
[ 673/1000] OK         hard      Getting Even with Dad -> Getting Even with Dad (3,634 chars, <title>)
[ 674/1000] OK         hard      Gettysburg -> Gettysburg (1993 film) (5,498 chars, <title> (<year> film))
[ 675/1000] OK         hard      Ghosts of Girlfriends Past -> Ghosts of Girlfriends Past (5,809 chars, <title>)
[ 676/1000] OK         hard      Go Go Tales -> Go Go Tales (1,680 chars, <title>)
[ 677/1000] OK         hard      Gospa -> Gospa (1,290 chars, <title>)
[ 678/1000] OK         hard      Grandview, U.S.A. -> Grandview, U.S.A. (5,434 chars, <title>)
[ 679/1000] OK         hard      Guilty Hands -> Guilty Hands (3,722 chars, <title>)
[ 680/1000] OK         hard      Guinevere -> Guinevere (1999 film) (2,196 chars, <title> (<year> film))
[ 681/1000] OK         hard      Heaven Knows, Mr. Allison -> Heaven Knows, Mr. Allison (4,153 chars, <title>)
[ 682/1000] OK         hard      Heaven's Burning -> Heaven's Burning (3,394 chars, <title>)
[ 683/1000] OK         hard      Hello, Dolly! -> Hello, Dolly! (1969 film) (5,811 chars, <title> (<year> film))
[ 684/1000] OK         hard      Hocus Pocus -> Hocus Pocus (1993 film) (5,686 chars, <title> (<year> film))
[ 685/1000] OK         hard      Hungry Hill -> Hungry Hill (film) (1,753 chars, <title> (film))
[ 686/1000] OK         hard      Husbands -> Husbands (film) (2,256 chars, <title> (film))
[ 687/1000] OK         hard      I Am Number Four -> I Am Number Four (film) (5,885 chars, <title> (film))
[ 688/1000] OK         hard      I Am the Law -> I Am the Law (1938 film) (3,587 chars, <title> (<year> film))
[ 689/1000] OK         hard      I See a Dark Stranger -> I See a Dark Stranger (5,743 chars, <title>)
[ 690/1000] OK         hard      I Spy -> I Spy (2002 film) (5,285 chars, <title> (<year> film))
[ 691/1000] OK         hard      I Was a Communist for the FBI -> I Was a Communist for the FBI (1,800 chars, <title>)
[ 692/1000] OK         hard      Identity Thief -> Identity Thief (film) (5,742 chars, <title> (film))
[ 693/1000] OK         hard      In the Line of Fire -> In the Line of Fire (5,593 chars, <title>)
[ 694/1000] OK         hard      Inside Daisy Clover -> Inside Daisy Clover (2,448 chars, <title>)
[ 695/1000] OK         hard      Inside Llewyn Davis -> Inside Llewyn Davis (5,954 chars, <title>)
[ 696/1000] OK         hard      Inside Man -> Inside Man (2006 film) (5,937 chars, <title> (<year> film))
[ 697/1000] OK         hard      Joe Versus the Volcano -> Joe Versus the Volcano (5,245 chars, <title>)
[ 698/1000] OK         hard      Juno -> Juno (film) (5,557 chars, <title> (film))
[ 699/1000] OK         hard      Jury Duty -> Jury Duty (film) (5,867 chars, <title> (film))
[ 700/1000] OK         hard      Killing Them Softly -> Killing Them Softly (5,117 chars, <title>)
[ 701/1000] OK         hard      Letters from a Killer -> Letters from a Killer (1,150 chars, <title>)
[ 702/1000] OK         hard      Life -> Life (1999 film) (5,896 chars, <title> (<year> film))
[ 703/1000] OK         hard      Lost Souls -> Lost Souls (2000 film) (4,332 chars, <title> (<year> film))
[ 704/1000] OK         hard      Manderlay -> Manderlay (4,923 chars, <title>)
[ 705/1000] OK         hard      Martian Child -> Martian Child (2007 film) (4,602 chars, <title> (<year> film))
[ 706/1000] OK         hard      Marty -> Marty (film) (4,226 chars, <title> (film))
[ 707/1000] OK         hard      Mean Streets -> Mean Streets (4,588 chars, <title>)
[ 708/1000] OK         hard      Molly -> Molly (1999 film) (3,895 chars, <title> (<year> film))
[ 709/1000] OK         hard      Mother Lode -> Mother Lode (1982 film) (2,215 chars, <title> (<year> film))
[ 710/1000] OK         hard      Mr. North -> Mr. North (2,681 chars, <title>)
[ 711/1000] OK         hard      Mr. Robinson Crusoe -> Mr. Robinson Crusoe (2,771 chars, <title>)
[ 712/1000] OK         hard      Murphy's Romance -> Murphy's Romance (3,053 chars, <title>)
[ 713/1000] OK         hard      My Week with Marilyn -> My Week with Marilyn (5,898 chars, <title>)
[ 714/1000] OK         hard      Nell -> Nell (film) (5,991 chars, <title> (film))
[ 715/1000] OK         hard      Night and Day -> Night and Day (1946 film) (2,462 chars, <title> (<year> film))
[ 716/1000] OK         hard      Nightwing -> Nightwing (film) (2,585 chars, <title> (film))
[ 717/1000] OK         hard      Nineteen Eighty-Four -> Nineteen Eighty-Four (1984 film) (5,303 chars, <title> (<year> film))
[ 718/1000] OK         hard      Ninotchka -> Ninotchka (5,805 chars, <title>)
[ 719/1000] OK         hard      Noah -> Noah (2014 film) (5,824 chars, <title> (<year> film))
[ 720/1000] OK         hard      Now and Forever -> Now and Forever (1934 film) (3,769 chars, <title> (<year> film))
[ 721/1000] OK         hard      Open Windows -> Open Windows (film) (5,045 chars, <title> (film))
[ 722/1000] OK         hard      Out of Sight -> Out of Sight (1998 film) (5,904 chars, <title> (<year> film))
[ 723/1000] OK         hard      P.S. -> P.S. (film) (2,219 chars, <title> (film))
[ 724/1000] OK         hard      Pot o' Gold -> Pot o' Gold (film) (3,080 chars, <title> (film))
[ 725/1000] OK         hard      Primrose Path -> Primrose Path (1940 film) (2,779 chars, <title> (<year> film))
[ 726/1000] OK         hard      Prince of the City -> Prince of the City (film) (5,393 chars, <title> (film))
[ 727/1000] OK         hard      Prison -> Prison (1949 film) (1,266 chars, <title> (<year> film))
[ 728/1000] OK         hard      Rabid Dogs -> Rabid Dogs (film) (5,738 chars, <title> (film))
[ 729/1000] OK         hard      Red Garters -> Red Garters (film) (2,069 chars, <title> (film))
[ 730/1000] OK         hard      Ruby Cairo -> Ruby Cairo (4,121 chars, <title>)
[ 731/1000] OK         hard      Salt -> Salt (2010 film) (5,315 chars, <title> (<year> film))
[ 732/1000] OK         hard      Same Time, Next Year -> Same Time, Next Year (film) (1,796 chars, <title> (film))
[ 733/1000] OK         hard      Scoop -> Scoop (2006 film) (5,527 chars, <title> (<year> film))
[ 734/1000] OK         hard      Scream of Stone -> Scream of Stone (691 chars, <title>)
[ 735/1000] OK         hard      Seize the Day -> Seize the Day (film) (2,202 chars, <title> (film))
[ 736/1000] OK         hard      Shalako -> Shalako (film) (4,058 chars, <title> (film))
[ 737/1000] OK         hard      State of Grace -> State of Grace (1990 film) (3,666 chars, <title> (<year> film))
[ 738/1000] OK         hard      Streets of Fire -> Streets of Fire (film) (5,925 chars, <title> (film))
[ 739/1000] OK         hard      Stuart Saves His Family -> Stuart Saves His Family (5,507 chars, <title>)
[ 740/1000] OK         hard      Surf's Up -> Surf's Up (2007 film) (5,870 chars, <title> (<year> film))
[ 741/1000] OK         hard      Sweet and Lowdown -> Sweet and Lowdown (3,480 chars, <title>)
[ 742/1000] OK         hard      Sympathy for the Devil -> Sympathy for the Devil (1968 film) (3,721 chars, <title> (<year> film))
[ 743/1000] OK         hard      The Bad News Bears in Breaking Training -> The Bad News Bears in Breaking Training (2,677 chars, <title>)
[ 744/1000] OK         hard      The Big Clock -> The Big Clock (1948 film) (4,644 chars, <title> (<year> film))
[ 745/1000] OK         hard      The Big Town -> The Big Town (1987 film) (1,317 chars, <title> (<year> film))
[ 746/1000] OK         hard      The Biggest Bundle of Them All -> The Biggest Bundle of Them All (2,041 chars, <title>)
[ 747/1000] OK         hard      The Blue Gardenia -> The Blue Gardenia (1953 film) (5,877 chars, <title> (<year> film))
[ 748/1000] OK         hard      The Campaign -> The Campaign (film) (5,697 chars, <title> (film))
[ 749/1000] OK         hard      The Canterville Ghost -> The Canterville Ghost (1944 film) (4,986 chars, <title> (<year> film))
[ 750/1000] OK         hard      The Contender -> The Contender (2000 film) (4,883 chars, <title> (<year> film))
[ 751/1000] OK         hard      The Court-Martial of Billy Mitchell -> The Court-Martial of Billy Mitchell (film) (4,853 chars, <title> (film))
[ 752/1000] OK         hard      The Dead Girl -> The Dead Girl (4,234 chars, <title>)
[ 753/1000] OK         hard      The Distinguished Gentleman -> The Distinguished Gentleman (3,627 chars, <title>)
[ 754/1000] OK         hard      The Divorce of Lady X -> The Divorce of Lady X (3,065 chars, <title>)
[ 755/1000] OK         hard      The Expendables 3 -> The Expendables 3 (2014 film) (5,897 chars, <title> (<year> film))
[ 756/1000] OK         hard      The Gay Divorcee -> The Gay Divorcee (5,707 chars, <title>)
[ 757/1000] OK         hard      The Great Buck Howard -> The Great Buck Howard (4,422 chars, <title>)
[ 758/1000] OK         hard      The Great Ziegfeld -> The Great Ziegfeld (5,977 chars, <title>)
[ 759/1000] OK         hard      The Hidden Fortress -> The Hidden Fortress (5,444 chars, <title>)
[ 760/1000] OK         hard      The Homesman -> The Homesman (film) (5,985 chars, <title> (film))
[ 761/1000] OK         hard      The Incredible Shrinking Woman -> The Incredible Shrinking Woman (3,021 chars, <title>)
[ 762/1000] OK         hard      The Informers -> The Informers (2008 film) (5,998 chars, <title> (<year> film))
[ 763/1000] OK         hard      The King's Speech -> The King's Speech (film) (5,728 chars, <title> (film))
[ 764/1000] OK         hard      The Last Days on Mars -> The Last Days on Mars (5,092 chars, <title>)
[ 765/1000] OK         hard      The Legend of Bagger Vance -> The Legend of Bagger Vance (4,509 chars, <title>)
[ 766/1000] OK         hard      The Legend of Lylah Clare -> The Legend of Lylah Clare (3,264 chars, <title>)
[ 767/1000] OK         hard      The Mambo Kings -> The Mambo Kings (5,883 chars, <title>)
[ 768/1000] OK         hard      The Misfits -> The Misfits (1961 film) (4,050 chars, <title> (<year> film))
[ 769/1000] OK         hard      The Mothman Prophecies -> The Mothman Prophecies (film) (5,814 chars, <title> (film))
[ 770/1000] OK         hard      The Music of Chance -> The Music of Chance (film) (4,223 chars, <title> (film))
[ 771/1000] OK         hard      The Old Maid -> The Old Maid (1939 film) (3,271 chars, <title> (<year> film))
[ 772/1000] OK         hard      The Open Road -> The Open Road (5,545 chars, <title>)
[ 773/1000] OK         hard      The Parallax View -> The Parallax View (film) (5,646 chars, <title> (film))
[ 774/1000] OK         hard      The Passion of Ayn Rand -> The Passion of Ayn Rand (film) (1,420 chars, <title> (film))
[ 775/1000] OK         hard      The Penalty -> The Penalty (1920 film) (2,560 chars, <title> (<year> film))
[ 776/1000] OK         hard      The Perfect Score -> The Perfect Score (5,242 chars, <title>)
[ 777/1000] OK         hard      The Playboys -> The Playboys (film) (4,916 chars, <title> (film))
[ 778/1000] OK         hard      The Puppet Masters -> The Puppet Masters (film) (5,465 chars, <title> (film))
[ 779/1000] OK         hard      The Railway Man -> The Railway Man (film) (3,953 chars, <title> (film))
[ 780/1000] OK         hard      The Rose -> The Rose (1979 film) (5,489 chars, <title> (<year> film))
[ 781/1000] OK         hard      The Seventh Seal -> The Seventh Seal (film) (5,756 chars, <title> (film))
[ 782/1000] OK         hard      The Sting II -> The Sting II (2,294 chars, <title>)
[ 783/1000] OK         hard      The Thief Who Came to Dinner -> The Thief Who Came to Dinner (2,241 chars, <title>)
[ 784/1000] OK         hard      The Treasure of the Sierra Madre -> The Treasure of the Sierra Madre (film) (5,940 chars, <title> (film))
[ 785/1000] OK         hard      The Tree of Life -> The Tree of Life (film) (1,970 chars, <title> (film))
[ 786/1000] OK         hard      The Trouble with Harry -> The Trouble with Harry (3,005 chars, <title>)
[ 787/1000] OK         hard      The Unfaithful -> The Unfaithful (1947 film) (2,748 chars, <title> (<year> film))
[ 788/1000] OK         hard      The V.I.P.s -> The V.I.P.s (film) (3,328 chars, <title> (film))
[ 789/1000] OK         hard      The Warrior -> The Warrior (2001 British film) (5,764 chars, search)
[ 790/1000] OK         hard      There's Always Tomorrow -> There's Always Tomorrow (1956 film) (4,935 chars, <title> (<year> film))
[ 791/1000] OK         hard      Third Person -> Third Person (film) (2,516 chars, <title> (film))
[ 792/1000] OK         hard      This Girl's Life -> This Girl's Life (3,046 chars, <title>)
[ 793/1000] OK         hard      Three Strangers -> Three Strangers (4,481 chars, <title>)
[ 794/1000] OK         hard      Trial and Error -> Trial and Error (1997 film) (3,091 chars, <title> (<year> film))
[ 795/1000] OK         hard      True Romance -> True Romance (film) (5,688 chars, <title> (film))
[ 796/1000] OK         hard      Twisted Nerve -> Twisted Nerve (5,460 chars, <title>)
[ 797/1000] OK         hard      Two Much -> Two Much (5,118 chars, <title>)
[ 798/1000] OK         hard      Ultraviolet -> Ultraviolet (film) (4,853 chars, <title> (film))
[ 799/1000] OK         hard      Veronica Mars -> Veronica Mars (2014 film) (5,794 chars, <title> (<year> film))
[ 800/1000] OK         hard      Very Annie Mary -> Very Annie Mary (961 chars, <title>)
[ 801/1000] OK         hard      Waterworld -> Waterworld (film) (5,857 chars, <title> (film))
[ 802/1000] OK         hard      What About Bob? -> What About Bob? (1991 film) (5,412 chars, <title> (<year> film))
[ 803/1000] OK         hard      What Maisie Knew -> What Maisie Knew (film) (4,992 chars, <title> (film))
[ 804/1000] OK         hard      Whispers in the Dark -> Whispers in the Dark (film) (5,008 chars, <title> (film))
[ 805/1000] OK         hard      Who Am I? -> Who Am I? (1998 film) (4,697 chars, <title> (<year> film))
[ 806/1000] OK         hard      Windows -> Windows (film) (3,361 chars, <title> (film))
[ 807/1000] OK         hard      World Trade Center -> World Trade Center (2006 film) (4,728 chars, <title> (<year> film))
[ 808/1000] OK         hard      Yogi Bear -> Yogi Bear (film) (5,836 chars, <title> (film))
[ 809/1000] OK         hard      Young Guns -> Young Guns (film) (5,897 chars, <title> (film))
[ 810/1000] OK         hard      Zatoichi Meets Yojimbo -> Zatoichi Meets Yojimbo (2,677 chars, <title>)
[ 811/1000] OK         random    10 Rillington Place -> 10 Rillington Place (film) (5,969 chars, <title> (film))
[ 812/1000] OK         random    1981 -> 1981 (2009 film) (1,392 chars, <title> (<year> film))
[ 813/1000] OK         random    3 Backyards -> 3 Backyards (1,629 chars, <title>)
[ 814/1000] OK         random    A Chorus Line -> A Chorus Line (film) (4,704 chars, <title> (film))
[ 815/1000] OK         random    A Common Man -> A Common Man (film) (1,676 chars, <title> (film))
[ 816/1000] OK         random    A Few Best Men -> A Few Best Men (1,248 chars, <title>)
[ 817/1000] OK         random    A Five Star Life -> A Five Star Life (671 chars, <title>)
[ 818/1000] UNVERIFIED random    A Rumor of Angels (Dogma (film): no linked KB person mentioned)
[ 819/1000] OK         random    Above and Beyond -> Above and Beyond (1952 film) (2,652 chars, <title> (<year> film))
[ 820/1000] OK         random    Actrices -> Actrices (1,873 chars, <title>)
[ 821/1000] OK         random    An Apology to Elephants -> An Apology to Elephants (1,198 chars, <title>)
[ 822/1000] OK         random    Appointment with Death -> Appointment with Death (film) (5,583 chars, <title> (film))
[ 823/1000] OK         random    Audition -> Audition (1999 film) (5,260 chars, <title> (<year> film))
[ 824/1000] OK         random    August Rush -> August Rush (5,430 chars, <title>)
[ 825/1000] OK         random    Back in the Saddle -> Back in the Saddle (film) (5,485 chars, <title> (film))
[ 826/1000] OK         random    Barb Wire -> Barb Wire (1996 film) (3,501 chars, <title> (<year> film))
[ 827/1000] OK         random    Best Foot Forward -> Best Foot Forward (1943 film) (2,572 chars, <title> (<year> film))
[ 828/1000] OK         random    Better Luck Tomorrow -> Better Luck Tomorrow (5,534 chars, <title>)
[ 829/1000] OK         random    Betty -> Betty (1992 film) (4,258 chars, <title> (<year> film))
[ 830/1000] OK         random    Bigger Than the Sky -> Bigger Than the Sky (2,492 chars, <title>)
[ 831/1000] OK         random    Blackmailed -> Blackmailed (1951 film) (1,523 chars, <title> (<year> film))
[ 832/1000] OK         random    Blame It on the Bellboy -> Blame It on the Bellboy (5,738 chars, <title>)
[ 833/1000] OK         random    Blindman -> Blindman (1,893 chars, <title>)
[ 834/1000] OK         random    Blood Feast -> Blood Feast (5,631 chars, <title>)
[ 835/1000] OK         random    Blood Relatives -> Blood Relatives (1978 film) (2,822 chars, <title> (<year> film))
[ 836/1000] OK         random    Blood and Sand -> Blood and Sand (1941 film) (3,117 chars, <title> (<year> film))
[ 837/1000] OK         random    Blue Smoke -> Blue Smoke (2007 film) (1,779 chars, <title> (<year> film))
[ 838/1000] OK         random    Blues Brothers 2000 -> Blues Brothers 2000 (5,550 chars, <title>)
[ 839/1000] OK         random    Boundin' -> Boundin' (1,222 chars, <title>)
[ 840/1000] OK         random    Bright Lights -> Bright Lights (1935 film) (754 chars, <title> (<year> film))
[ 841/1000] OK         random    Broadway Bill -> Broadway Bill (5,942 chars, <title>)
[ 842/1000] OK         random    Bronson -> Bronson (film) (4,510 chars, <title> (film))
[ 843/1000] OK         random    Brother Rat -> Brother Rat (2,907 chars, <title>)
[ 844/1000] OK         random    Buchanan Rides Alone -> Buchanan Rides Alone (4,257 chars, <title>)
[ 845/1000] OK         random    But Forever in My Mind -> But Forever in My Mind (5,884 chars, <title>)
[ 846/1000] OK         random    Butterfly -> Butterfly (1982 film) (4,348 chars, <title> (<year> film))
[ 847/1000] OK         random    Calendar Girl -> Calendar Girl (1993 film) (3,971 chars, <title> (<year> film))
[ 848/1000] OK         random    Calvaire -> Calvaire (film) (5,733 chars, <title> (film))
[ 849/1000] OK         random    Capturing Mary -> Capturing Mary (2007 film) (2,889 chars, <title> (<year> film))
[ 850/1000] OK         random    Caramel -> Caramel (2007 film) (1,784 chars, <title> (<year> film))
[ 851/1000] OK         random    Center Stage -> Center Stage (2000 film) (5,530 chars, <title> (<year> film))
[ 852/1000] OK         random    Charlie Chan in Honolulu -> Sidney Toler (498 chars, search)
[ 853/1000] OK         random    Chelsea on the Rocks -> Chelsea on the Rocks (1,046 chars, <title>)
[ 854/1000] OK         random    Citizen Dog -> Citizen Dog (film) (5,072 chars, <title> (film))
[ 855/1000] OK         random    Company Business -> Company Business (1991 film) (4,840 chars, <title> (<year> film))
[ 856/1000] OK         random    Congorama -> Congorama (1,031 chars, <title>)
[ 857/1000] OK         random    Cool as Ice -> Cool as Ice (4,940 chars, <title>)
[ 858/1000] OK         random    Crazy on the Outside -> Crazy on the Outside (film) (5,890 chars, <title> (film))
[ 859/1000] OK         random    Crocodile -> Crocodile (2000 film) (4,554 chars, <title> (<year> film))
[ 860/1000] OK         random    Crossing Over -> Crossing Over (film) (5,294 chars, <title> (film))
[ 861/1000] OK         random    Cypher -> Cypher (film) (4,521 chars, <title> (film))
[ 862/1000] OK         random    Date Night -> Date Night (film) (5,882 chars, <title> (film))
[ 863/1000] OK         random    Death Before Dishonor -> Death Before Dishonor (782 chars, <title>)
[ 864/1000] OK         random    Defenseless -> Defenseless (3,586 chars, <title>)
[ 865/1000] OK         random    Detroit 9000 -> Detroit 9000 (1,065 chars, <title>)
[ 866/1000] OK         random    Django -> Django (1966 film) (5,906 chars, <title> (<year> film))
[ 867/1000] OK         random    Draft Day -> Draft Day (film) (5,729 chars, <title> (film))
[ 868/1000] OK         random    Dreams of a Life -> Dreams of a Life (1,427 chars, <title>)
[ 869/1000] OK         random    Eloise at Christmastime -> Eloise at Christmastime (4,259 chars, <title>)
[ 870/1000] OK         random    Enter the Ninja -> Enter the Ninja (3,009 chars, <title>)
[ 871/1000] OK         random    Erik the Viking -> Erik the Viking (5,444 chars, <title>)
[ 872/1000] OK         random    Everyone Else -> Everyone Else (4,448 chars, <title>)
[ 873/1000] OK         random    Everyone's Hero -> Everyone's Hero (4,443 chars, <title>)
[ 874/1000] OK         random    Extraordinary Measures -> Extraordinary Measures (film) (2,581 chars, <title> (film))
[ 875/1000] OK         random    Eye in the Sky -> Eye in the Sky (2007 film) (3,270 chars, <title> (<year> film))
[ 876/1000] OK         random    Faraway, So Close! -> Faraway, So Close! (5,499 chars, <title>)
[ 877/1000] OK         random    Fiston -> Fiston (493 chars, <title>)
[ 878/1000] OK         random    From Beginning to End -> From Beginning to End (3,281 chars, <title>)
[ 879/1000] OK         random    Frownland -> Frownland (film) (1,958 chars, <title> (film))
[ 880/1000] OK         random    Girl in the Cadillac -> Girl in the Cadillac (1,194 chars, <title>)
[ 881/1000] OK         random    Glen or Glenda -> Glen or Glenda (3,361 chars, <title>)
[ 882/1000] OK         random    Goemon -> Goemon (film) (5,205 chars, <title> (film))
[ 883/1000] OK         random    Going to Kansas City -> Going to Kansas City (1,035 chars, <title>)
[ 884/1000] OK         random    Gregory Go Boom -> Gregory Go Boom (844 chars, <title>)
[ 885/1000] OK         random    Gregory's Girl -> Gregory's Girl (3,171 chars, <title>)
[ 886/1000] OK         random    Hangover Square -> Hangover Square (film) (3,346 chars, <title> (film))
[ 887/1000] OK         random    Happy -> Happy (2011 film) (367 chars, <title> (<year> film))
[ 888/1000] OK         random    Harry + Max -> Harry + Max (1,287 chars, <title>)
[ 889/1000] OK         random    I due carabinieri -> I due carabinieri (1,905 chars, <title>)
[ 890/1000] OK         random    If.... -> If.... (film) (5,839 chars, <title> (film))
[ 891/1000] OK         random    Inspector Clouseau -> Inspector Clouseau (1968 film) (5,712 chars, <title> (<year> film))
[ 892/1000] OK         random    Intermission -> Intermission (film) (5,184 chars, <title> (film))
[ 893/1000] OK         random    Interview with a Hitman -> Interview with a Hitman (2012 film) (5,381 chars, <title> (<year> film))
[ 894/1000] OK         random    Iron Eagle -> Iron Eagle (4,830 chars, <title>)
[ 895/1000] OK         random    K-911 -> K-911 (801 chars, <title>)
[ 896/1000] OK         random    Kicking and Screaming -> Kicking and Screaming (1995 film) (976 chars, <title> (<year> film))
[ 897/1000] OK         random    Kill List -> Kill List (4,630 chars, <title>)
[ 898/1000] OK         random    La Jetée -> La Jetée (2,952 chars, <title>)
[ 899/1000] OK         random    La muerte de un burócrata -> La muerte de un burócrata (2,050 chars, <title>)
[ 900/1000] OK         random    Lady for a Day -> Lady for a Day (4,017 chars, <title>)
[ 901/1000] OK         random    Last Action Hero -> Last Action Hero (5,348 chars, <title>)
[ 902/1000] OK         random    Last Run -> Last Run (734 chars, <title>)
[ 903/1000] OK         random    Late Phases -> Late Phases (4,320 chars, <title>)
[ 904/1000] OK         random    Level Five -> Level Five (film) (929 chars, <title> (film))
[ 905/1000] OK         random    Like Someone in Love -> Like Someone in Love (film) (3,359 chars, <title> (film))
[ 906/1000] OK         random    Lord Jim -> Lord Jim (1965 film) (4,837 chars, <title> (<year> film))
[ 907/1000] OK         random    Lt. Robin Crusoe, U.S.N. -> Lt. Robin Crusoe, U.S.N. (3,073 chars, <title>)
[ 908/1000] UNVERIFIED random    Luther the Geek (List of Troma films: no linked KB person mentioned)
[ 909/1000] OK         random    Mandingo -> Mandingo (film) (5,868 chars, <title> (film))
[ 910/1000] OK         random    Margaret -> Margaret (2011 film) (5,702 chars, <title> (<year> film))
[ 911/1000] OK         random    Max Keeble's Big Move -> Max Keeble's Big Move (film) (5,852 chars, <title> (film))
[ 912/1000] OK         random    Me and You and Everyone We Know -> Me and You and Everyone We Know (3,621 chars, <title>)
[ 913/1000] OK         random    Meet Monica Velour -> Meet Monica Velour (2,207 chars, <title>)
[ 914/1000] OK         random    Mermaid -> Mermaid (2007 film) (4,330 chars, <title> (<year> film))
[ 915/1000] OK         random    Mimino -> Mimino (4,948 chars, <title>)
[ 916/1000] OK         random    Missing in America -> Missing in America (1,965 chars, <title>)
[ 917/1000] OK         random    Monsieur Batignole -> Monsieur Batignole (2,549 chars, <title>)
[ 918/1000] OK         random    Mortuary -> Mortuary (2005 film) (4,353 chars, <title> (<year> film))
[ 919/1000] OK         random    Mother's Day -> Mother's Day (1980 film) (5,040 chars, <title> (<year> film))
[ 920/1000] OK         random    Mr. Magorium's Wonder Emporium -> Mr. Magorium's Wonder Emporium (2007 film) (4,458 chars, <title> (<year> film))
[ 921/1000] OK         random    Muppet Treasure Island -> Muppet Treasure Island (5,825 chars, <title>)
[ 922/1000] OK         random    Nightmares -> Nightmares (1983 film) (1,775 chars, <title> (<year> film))
[ 923/1000] OK         random    No Rest for the Wicked -> No Rest for the Wicked (2011 film) (3,537 chars, <title> (<year> film))
[ 924/1000] OK         random    Not Easily Broken -> Not Easily Broken (2009 film) (1,888 chars, <title> (<year> film))
[ 925/1000] OK         random    Nothing But the Night -> Nothing But the Night (film) (2,063 chars, <title> (film))
[ 926/1000] OK         random    Nowhere to Run -> Nowhere to Run (1993 film) (3,974 chars, <title> (<year> film))
[ 927/1000] OK         random    Nurse 3D -> Nurse 3D (5,516 chars, <title>)
[ 928/1000] OK         random    Obvious Child -> Obvious Child (4,717 chars, <title>)
[ 929/1000] OK         random    Out California Way -> Out California Way (1,383 chars, <title>)
[ 930/1000] OK         random    Party Monster -> Party Monster (2003 film) (3,303 chars, <title> (<year> film))
[ 931/1000] OK         random    Penitentiary -> Penitentiary (1979 film) (3,596 chars, <title> (<year> film))
[ 932/1000] OK         random    Penitentiary II -> Penitentiary II (1,680 chars, <title>)
[ 933/1000] OK         random    Pippi on the Run -> Pippi on the Run (1,085 chars, <title>)
[ 934/1000] OK         random    Postman Blues -> Postman Blues (3,657 chars, <title>)
[ 935/1000] OK         random    Power 98 -> Power 98 (film) (3,498 chars, <title> (film))
[ 936/1000] OK         random    Reeker -> Reeker (film) (5,312 chars, <title> (film))
[ 937/1000] OK         random    Revenge of the Electric Car -> Revenge of the Electric Car (638 chars, <title>)
[ 938/1000] OK         random    Ride Lonesome -> Ride Lonesome (4,157 chars, <title>)
[ 939/1000] OK         random    Rocco and His Brothers -> Rocco and His Brothers (5,861 chars, <title>)
[ 940/1000] OK         random    Salmonberries -> Salmonberries (film) (1,469 chars, <title> (film))
[ 941/1000] OK         random    Samurai Reincarnation -> Samurai Reincarnation (5,809 chars, <title>)
[ 942/1000] OK         random    Scott Joplin -> Scott Joplin (film) (1,883 chars, <title> (film))
[ 943/1000] OK         random    See the Sea -> See the Sea (1,619 chars, <title>)
[ 944/1000] OK         random    Serena -> Serena (2014 film) (5,166 chars, <title> (<year> film))
[ 945/1000] OK         random    Shall We Dance? -> Shall We Dance? (1996 film) (5,196 chars, <title> (<year> film))
[ 946/1000] OK         random    Shanghai Express -> Shanghai Express (film) (3,861 chars, <title> (film))
[ 947/1000] OK         random    Skin -> Skin (2008 film) (4,340 chars, <title> (<year> film))
[ 948/1000] OK         random    Songcatcher -> Songcatcher (4,216 chars, <title>)
[ 949/1000] OK         random    Splendor -> Splendor (1999 film) (3,279 chars, <title> (<year> film))
[ 950/1000] OK         random    Stolen Face -> Stolen Face (4,575 chars, <title>)
[ 951/1000] OK         random    Strange Behavior -> Strange Behavior (4,960 chars, <title>)
[ 952/1000] OK         random    Sunshine on Leith -> Sunshine on Leith (film) (4,201 chars, <title> (film))
[ 953/1000] OK         random    Tatarak -> Tatarak (980 chars, <title>)
[ 954/1000] OK         random    The Adventures of Picasso -> The Adventures of Picasso (5,447 chars, <title>)
[ 955/1000] OK         random    The Backwoods -> The Backwoods (2,421 chars, <title>)
[ 956/1000] OK         random    The Blood Spattered Bride -> The Blood Spattered Bride (3,793 chars, <title>)
[ 957/1000] OK         random    The Boys in the Band -> The Boys in the Band (1970 film) (5,936 chars, <title> (<year> film))
[ 958/1000] OK         random    The Celluloid Closet -> The Celluloid Closet (book) (1,097 chars, search)
[ 959/1000] OK         random    The Chambermaid on the Titanic -> The Chambermaid on the Titanic (4,116 chars, <title>)
[ 960/1000] OK         random    The Country Teacher -> The Country Teacher (521 chars, <title>)
[ 961/1000] OK         random    The Devil's Playground -> The Devil's Playground (1976 film) (1,112 chars, <title> (<year> film))
[ 962/1000] OK         random    The Good Fairy -> The Good Fairy (1935 film) (5,570 chars, <title> (<year> film))
[ 963/1000] OK         random    The Hi-Line -> The Hi-Line (1,207 chars, <title>)
[ 964/1000] OK         random    The Imitation Game -> The Imitation Game (2014 film) (5,332 chars, <title> (<year> film))
[ 965/1000] OK         random    The Iron Mask -> The Iron Mask (1929 film) (1,737 chars, <title> (<year> film))
[ 966/1000] OK         random    The Killing -> The Killing (1956 film) (4,702 chars, <title> (<year> film))
[ 967/1000] UNVERIFIED random    The Land (The Wonderful Land of Oz: no linked KB person mentioned)
[ 968/1000] OK         random    The League of Extraordinary Gentlemen -> The League of Extraordinary Gentlemen (film) (5,838 chars, <title> (film))
[ 969/1000] OK         random    The Legend of Zorro -> The Legend of Zorro (5,842 chars, <title>)
[ 970/1000] OK         random    The Maid -> The Maid (2009 film) (1,730 chars, <title> (<year> film))
[ 971/1000] OK         random    The Nun -> The Nun (1966 film) (4,567 chars, <title> (<year> film))
[ 972/1000] OK         random    The Pelican Brief -> The Pelican Brief (film) (4,864 chars, <title> (film))
[ 973/1000] OK         random    The Pick-up Artist -> The Pick-up Artist (1987 film) (4,825 chars, <title> (<year> film))
[ 974/1000] OK         random    The Pilgrim -> The Pilgrim (1923 film) (3,792 chars, <title> (<year> film))
[ 975/1000] OK         random    The Plague of the Zombies -> The Plague of the Zombies (4,799 chars, <title>)
[ 976/1000] OK         random    The Red Balloon -> The Red Balloon (2,756 chars, <title>)
[ 977/1000] OK         random    The Robber -> The Robber (2,762 chars, <title>)
[ 978/1000] OK         random    The Santa Clause -> The Santa Clause (5,747 chars, <title>)
[ 979/1000] OK         random    The Statue of Liberty -> The Statue of Liberty (film) (438 chars, <title> (film))
[ 980/1000] OK         random    The Steel Helmet -> The Steel Helmet (3,809 chars, <title>)
[ 981/1000] OK         random    The Terminal -> The Terminal (film) (5,830 chars, <title> (film))
[ 982/1000] OK         random    The Three Faces of Eve -> The Three Faces of Eve (4,174 chars, <title>)
[ 983/1000] OK         random    The War of the Worlds -> The War of the Worlds (1953 film) (5,836 chars, <title> (<year> film))
[ 984/1000] OK         random    The Wise Guys -> The Wise Guys (2,417 chars, <title>)
[ 985/1000] OK         random    They Came Together -> They Came Together (5,315 chars, <title>)
[ 986/1000] OK         random    This World, Then the Fireworks -> This World, Then the Fireworks (1997 film) (2,564 chars, <title> (<year> film))
[ 987/1000] OK         random    Thumbelina -> Thumbelina (1994 film) (5,513 chars, <title> (<year> film))
[ 988/1000] OK         random    Tooth Fairy -> Tooth Fairy (2010 film) (5,006 chars, <title> (<year> film))
[ 989/1000] OK         random    Troll -> Troll (1986 film) (3,522 chars, <title> (<year> film))
[ 990/1000] OK         random    Under the Same Moon -> Under the Same Moon (5,401 chars, <title>)
[ 991/1000] OK         random    Underground -> Underground (1995 film) (3,424 chars, <title> (<year> film))
[ 992/1000] OK         random    Uro -> Uro (film) (1,029 chars, <title> (film))
[ 993/1000] OK         random    Van Diemen's Land -> Van Diemen's Land (film) (1,769 chars, <title> (film))
[ 994/1000] OK         random    War Horse -> War Horse (film) (5,706 chars, <title> (film))
[ 995/1000] OK         random    What Have You Done to Solange? -> What Have You Done to Solange? (4,334 chars, <title>)
[ 996/1000] OK         random    What We Did on Our Holiday -> What We Did on Our Holiday (film) (4,697 chars, <title> (film))
[ 997/1000] OK         random    What's Your Number? -> What's Your Number? (4,567 chars, <title>)
[ 998/1000] OK         random    When Nietzsche Wept -> When Nietzsche Wept (4,404 chars, <title>)
[ 999/1000] OK         random    White Elephant -> White Elephant (2012 film) (1,335 chars, <title> (<year> film))
[1000/1000] OK         random    White Frog -> White Frog (film) (3,227 chars, <title> (film))

Resolved 994 | unverified 6 | unresolved 0
Resolution rules: <title>=450, <title> (<year> film)=284, <title> (film)=253, search=7
API requests: 2,030 (cache hits: 190)
Docs: MetaQA/docs | report: MetaQA/fetch_report.json
